"","X730.5582","X732.4219","X734.2856","X736.1492","X738.0129","X739.8766","X741.7402","X743.6039","X745.4676","X747.3312","X749.1949","X751.0586","X752.9222","X754.7859","X756.6496","X758.5132","X760.3769","X762.2406","X764.1043","X765.9679","X767.8316","X769.6953","X771.5589","X773.4226","X775.2863","X777.1499","X779.0136","X818.1507","X820.0143","X829.3327","X831.1963","X833.06","X836.7873","X838.651","X840.5147","X842.3784","X844.242","X846.1057","X847.9694","X849.833","X851.6967","X853.5604","X855.424","X920.6524","X922.5161","X924.3798","X926.2435","X928.1071","X929.9708","X931.8345","X933.6981","X944.8801","X948.6075","X1092.11","X1093.9737","X1539.3905","X1600.8916","X1602.7553","X1604.6189","X1608.3463","X1610.2099","X1612.0736","X1613.9373"
"1","0.128296","0.128741","0.129708","0.131522","0.132571","0.132995","0.134329","0.137078","0.139263","0.139238","0.137324","0.133997","0.131307","0.130454","0.130924","0.131078","0.130233","0.129955","0.12950799999999998","0.128408","0.127706","0.127308","0.12775899999999998","0.127626","0.12598900000000002","0.124366","0.120815","0.056539","0.0563","0.055876","0.056238","0.056614","0.054755","0.053283","0.052767","0.053402","0.05413","0.054788","0.055412","0.055972","0.056734000000000014","0.05736","0.057937","0.07432799999999999","0.073572","0.071248","0.06916699999999999","0.068963","0.06980399999999999","0.071537","0.073464","0.079319","0.079225","0.157719","0.155998","0.027137","0.034394","0.034141000000000005","0.033874","0.03439","0.034467000000000005","0.034322000000000005","0.034248"
"2","0.167234","0.16810799999999998","0.170405","0.170834","0.170024","0.170238","0.171981","0.175348","0.177344","0.177513","0.17688099999999998","0.174376","0.172426","0.173023","0.173282","0.171735","0.170355","0.169674","0.169184","0.168863","0.167991","0.166302","0.16492","0.163829","0.162678","0.161056","0.1568","0.081872","0.081121","0.08183700000000001","0.082522","0.083311","0.082599","0.082387","0.082412","0.08268400000000001","0.083277","0.08375","0.08440800000000001","0.085296","0.086135","0.086677","0.087392","0.112623","0.112203","0.110019","0.107943","0.108197","0.109676","0.111661","0.114211","0.121606","0.123221","0.201746","0.198989","0.042178","0.047493","0.047539","0.047561","0.048506","0.049191000000000006","0.049209","0.049435"
"3","0.117678","0.118488","0.119424","0.120072","0.120523","0.120949","0.122227","0.12438","0.124875","0.125307","0.125297","0.122069","0.119455","0.119537","0.119522","0.119214","0.118986","0.118134","0.117551","0.11756","0.11765","0.117164","0.116144","0.115655","0.115253","0.113929","0.110452","0.054749","0.054883","0.054592","0.054535","0.055503","0.055247","0.054015","0.053946","0.054398","0.055146","0.0561","0.057301","0.058267","0.058277","0.057779","0.057949","0.077535","0.076073","0.07272100000000001","0.06957100000000001","0.06880599999999999","0.06930599999999999","0.070221","0.071897","0.07875800000000001","0.07774600000000001","0.14273","0.142324","0.024333","0.032743","0.032813","0.032603","0.032767000000000004","0.0331","0.032770999999999995","0.03245"
"4","0.098224","0.099494","0.100713","0.10127","0.101209","0.100755","0.10176","0.103638","0.105028","0.105079","0.104253","0.102364","0.099936","0.099968","0.101042","0.100904","0.100506","0.100197","0.099908","0.099197","0.097637","0.096474","0.096477","0.096134","0.095277","0.094266","0.092016","0.05098","0.050899","0.050735","0.051416","0.051776","0.050788","0.050465","0.050712","0.051191","0.051667999999999985","0.051998","0.052373","0.052835","0.053195000000000006","0.053559","0.054264","0.068672","0.068459","0.067358","0.06651","0.066923","0.068049","0.06901499999999999","0.070148","0.075046","0.075894","0.125586","0.123885","0.029167","0.029992","0.030049","0.029947","0.030412","0.030509","0.030519","0.031038"
"5","0.083133","0.084027","0.085146","0.086285","0.086798","0.087636","0.088901","0.090256","0.090434","0.090709","0.090652","0.088676","0.087786","0.088237","0.08866","0.089056","0.08897000000000001","0.08824800000000001","0.087629","0.08795599999999999","0.08838700000000001","0.088381","0.088621","0.08854","0.087979","0.088198","0.087339","0.055124","0.055358","0.05746","0.057984","0.058912","0.059341","0.059434","0.059898","0.060437","0.061017","0.061599","0.062261","0.063262","0.064123","0.065175","0.066487","0.096446","0.096775","0.09624","0.096019","0.097218","0.098843","0.100455","0.10238","0.109668","0.111279","0.104667","0.10292","0.023571","0.02589","0.025962","0.026068","0.026508","0.026773","0.026899","0.027391"
"6","0.090686","0.091935","0.093144","0.095123","0.096274","0.09589","0.097339","0.099713","0.101201","0.101927","0.100868","0.097633","0.095465","0.095675","0.096277","0.096865","0.097395","0.096807","0.096287","0.096407","0.095726","0.095322","0.095371","0.094841","0.093706","0.091984","0.08963099999999999","0.043967","0.043628","0.04436","0.044502","0.045556","0.045227","0.044827","0.044798","0.044504","0.044919","0.045828","0.046196","0.046832","0.047601","0.048603","0.050038","0.068386","0.068208","0.066696","0.065256","0.06540599999999999","0.066491","0.067972","0.069663","0.074265","0.075175","0.133173","0.132378","0.024013","0.026302","0.026023","0.025496","0.025087","0.025278","0.024602","0.023929"
"7","0.079299","0.07860299999999999","0.07894","0.079603","0.080106","0.08125399999999999","0.08265700000000001","0.083599","0.08415700000000001","0.084761","0.08407200000000001","0.082136","0.080856","0.08029","0.080577","0.081108","0.081084","0.08036900000000001","0.07988300000000001","0.079803","0.079226","0.078885","0.078649","0.078102","0.077684","0.07699","0.07487","0.041658","0.041257","0.041442","0.041928","0.042342000000000005","0.040712","0.040372000000000005","0.040492","0.040564","0.04105","0.041886","0.042087","0.04247","0.043246","0.04345","0.043609","0.053296","0.053221","0.052258000000000006","0.051145","0.051309","0.052077","0.052884","0.05366","0.05615","0.056761","0.093687","0.092468","0.02077","0.026178","0.026029000000000004","0.025905","0.025728","0.02588","0.0259","0.025735"
"8","0.084037","0.086114","0.087266","0.087425","0.087052","0.086506","0.087156","0.088632","0.089139","0.089175","0.08847999999999999","0.08668300000000001","0.085738","0.085303","0.08519","0.084785","0.083851","0.08361299999999999","0.084188","0.084564","0.083437","0.082322","0.082711","0.08275700000000001","0.081728","0.080825","0.078545","0.043302","0.043264","0.043587","0.043592","0.044619","0.043869","0.042983","0.043059","0.043484","0.043575","0.04363","0.044253","0.044596","0.045052","0.046124","0.046829","0.05805800000000001","0.05814","0.056855","0.055616999999999986","0.055586","0.056217","0.057242","0.058591","0.06184600000000001","0.061976","0.099495","0.098775","0.0218","0.027431","0.027517000000000003","0.027609","0.027563","0.027992000000000003","0.027978","0.027542"
"9","0.185306","0.185762","0.186611","0.186452","0.186301","0.186497","0.187109","0.189711","0.190972","0.191295","0.190729","0.187375","0.185793","0.186551","0.18699","0.185778","0.184338","0.183852","0.182945","0.180683","0.17893699999999998","0.17863099999999998","0.178136","0.176377","0.173663","0.17109000000000002","0.167046","0.100985","0.100692","0.103431","0.104241","0.106217","0.10567","0.105952","0.106847","0.107615","0.108727","0.110041","0.111739","0.113369","0.113906","0.113625","0.114275","0.150395","0.14896700000000002","0.144676","0.140968","0.140408","0.141978","0.14441099999999998","0.146787","0.153582","0.153045","0.212871","0.208735","0.058334","0.064367","0.065165","0.06562899999999999","0.06739400000000001","0.068531","0.06884","0.06939"
"10","0.147015","0.146771","0.148178","0.15029","0.15124200000000002","0.15243099999999998","0.153451","0.155356","0.156546","0.155979","0.155057","0.152187","0.149936","0.150757","0.15124200000000002","0.150222","0.14971900000000002","0.149286","0.148391","0.147791","0.147117","0.145782","0.144286","0.1433","0.14255","0.141447","0.138173","0.073251","0.072828","0.072388","0.07295900000000001","0.074014","0.07231900000000001","0.071888","0.072064","0.07197","0.07198099999999999","0.07234199999999999","0.072863","0.073416","0.0744","0.075363","0.075973","0.100197","0.099751","0.098319","0.096781","0.096897","0.098247","0.100144","0.102406","0.111225","0.112958","0.191061","0.189019","0.035589","0.04168","0.041746","0.041706","0.042174","0.042669","0.042613","0.042248"
"11","0.078677","0.08011599999999999","0.080666","0.080553","0.080631","0.080971","0.082237","0.083957","0.08501900000000001","0.085458","0.084435","0.08225199999999999","0.081562","0.082367","0.08205599999999999","0.08124400000000001","0.081166","0.081207","0.080559","0.079498","0.079205","0.0791","0.07873","0.07817400000000001","0.07760299999999999","0.077209","0.075315","0.040671","0.040608","0.040967","0.041225","0.041617","0.040606","0.040633","0.041157","0.041142000000000005","0.040947","0.041174","0.041763","0.04225","0.042529","0.042918","0.043404000000000005","0.052999","0.052773","0.051599","0.050785","0.051217","0.051951","0.052743","0.053691","0.055761","0.056446","0.092239","0.090643","0.018411","0.022814","0.022997","0.023233","0.023921","0.024266","0.024214","0.024042"
"12","0.0247065525111981","0.025230566066112","0.0266077379814101","0.0264265075512269","0.026034445795639","0.0268136258989925","0.0273226200880385","0.0273037768639866","0.0259907998103586","0.024971728376192003","0.0243458009011748","0.0248033187804714","0.0244221319909542","0.0242018743144321","0.0252892017199904","0.0253081891333796","0.0255747414886267","0.0253990469546685","0.024722615663812","0.0237531829480068","0.0237795824338724","0.0248656600109934","0.0250726925940901","0.0256450624107655","0.0253962472971466","0.0244305861464464","0.0244033448520506","0.0232196761156999","0.0235206253729706","0.0244885882054407","0.0232194983661073","0.0235201573371473","0.0245606135043959","0.022231066754663","0.0214232992183733","0.024117454189184","0.0254445270793967","0.0244828905234096","0.0235078123431642","0.0220154172808783","0.0234850551038096","0.0234011569056936","0.0235705971001295","0.021007272481851","0.0208296445048914","0.0211716816707458","0.0210672353383158","0.0215177667955848","0.0223992073625469","0.0219197253598596","0.022248976798213","0.019320548211149","0.0205748068876608","0.0308423773547842","0.0317222720807019","0.0877625672834905","0.0692038155893569","0.0685033245722872","0.0682004403484933","0.0670018715093922","0.0660531807901082","0.0663213609527729","0.0663724782625733"
"13","0.076101","0.076861","0.077783","0.078153","0.078111","0.079084","0.081347","0.082812","0.082852","0.08261900000000001","0.08201900000000001","0.07988300000000001","0.078526","0.07893700000000001","0.079712","0.08074400000000001","0.080661","0.079217","0.078791","0.07913099999999999","0.078815","0.078624","0.078886","0.079308","0.079063","0.078166","0.076193","0.045723","0.046074","0.04751","0.048206","0.04914","0.048791","0.04861","0.049142","0.049713","0.050276","0.050929","0.051547","0.052264","0.053246","0.054307000000000015","0.055304999999999986","0.079819","0.08025499999999999","0.079996","0.079791","0.08025299999999999","0.081403","0.082995","0.08451399999999999","0.090377","0.091915","0.093277","0.092391","0.020016","0.021581","0.021918","0.021966","0.022363","0.022315","0.022091","0.022182"
"14","0.209081","0.209309","0.209243","0.210056","0.20985","0.20916","0.211536","0.21505700000000005","0.216165","0.216112","0.214808","0.21207","0.211273","0.211338","0.211023","0.211142","0.210547","0.208929","0.207904","0.207097","0.205458","0.203691","0.20219","0.200182","0.198049","0.195627","0.191474","0.118172","0.117461","0.118001","0.118723","0.119744","0.11893","0.118283","0.118471","0.118973","0.120407","0.12235","0.123766","0.124764","0.125403","0.126","0.126882","0.17394","0.173007","0.169329","0.166153","0.16581700000000002","0.16751300000000002","0.170049","0.172701","0.181778","0.183195","0.255322","0.25108800000000003","0.054708000000000014","0.06331200000000001","0.064112","0.064572","0.066341","0.067413","0.06766699999999999","0.067663"
"15","0.111358","0.111995","0.11291","0.113043","0.11263","0.113208","0.114416","0.116131","0.117771","0.119258","0.11946099999999997","0.116727","0.114511","0.114408","0.114884","0.114906","0.114269","0.114242","0.114048","0.112998","0.111958","0.111244","0.110906","0.110242","0.109582","0.108607","0.105941","0.06100700000000001","0.061299","0.062025","0.062601","0.0636","0.063061","0.062146000000000014","0.06233200000000001","0.06312000000000001","0.063431","0.063579","0.06414299999999999","0.064792","0.065506","0.066089","0.066637","0.084393","0.084133","0.08288200000000001","0.081934","0.08223899999999999","0.083357","0.08465800000000001","0.085893","0.089992","0.09112","0.132758","0.13080999999999998","0.030197","0.035639","0.035584","0.035675","0.036807","0.037507","0.037334","0.037179"
"16","0.066026","0.066637","0.067199","0.06751499999999999","0.067501","0.067687","0.067558","0.06876399999999999","0.070386","0.070823","0.070065","0.06881699999999999","0.068135","0.068496","0.069075","0.068382","0.067789","0.067513","0.067165","0.067124","0.066861","0.066973","0.067072","0.066807","0.06744700000000001","0.067537","0.06515900000000001","0.036834","0.035943","0.036336","0.036739","0.036951","0.036619","0.036575","0.036834","0.036883","0.036892","0.037513","0.038107","0.038027","0.038138","0.038555","0.038705","0.050427","0.049872","0.048692","0.047803","0.0477","0.048162","0.048936","0.049834","0.053165","0.053479999999999986","0.087482","0.087548","0.018297","0.021019","0.021191","0.021262","0.021013","0.021546","0.021348","0.021168"
"17","0.10651","0.106571","0.106497","0.107337","0.109147","0.10913699999999997","0.109651","0.112372","0.113876","0.11411","0.11384","0.112692","0.112519","0.112734","0.112583","0.112547","0.113376","0.113456","0.112637","0.112166","0.111006","0.110045","0.10917","0.107877","0.106648","0.105749","0.10309","0.06069500000000001","0.060461","0.06224800000000001","0.063029","0.063817","0.064466","0.064591","0.064651","0.065177","0.065816","0.06640499999999999","0.06725","0.067701","0.06815399999999999","0.06927","0.070226","0.088547","0.088564","0.087897","0.08703999999999999","0.087141","0.08796699999999999","0.088739","0.089421","0.091803","0.093443","0.129849","0.127853","0.026323000000000003","0.033527999999999995","0.033634","0.033544","0.033394","0.033807","0.033584","0.033256"
"18","0.118419","0.11913","0.119907","0.120829","0.12239","0.122894","0.124713","0.12805","0.128521","0.127932","0.128005","0.126409","0.124629","0.124674","0.124784","0.124551","0.124884","0.124778","0.12424","0.123633","0.123006","0.122648","0.122946","0.123168","0.122681","0.121865","0.119624","0.07025","0.070116","0.072676","0.073271","0.074446","0.074737","0.074512","0.075252","0.075934","0.076882","0.078297","0.079414","0.080178","0.08088300000000001","0.082006","0.08341900000000001","0.122157","0.122522","0.121958","0.121548","0.122786","0.124882","0.127132","0.12959","0.140069","0.142298","0.147844","0.1453","0.028562","0.033751","0.033814","0.033905000000000005","0.034539999999999994","0.035122","0.035038","0.034664"
"19","0.045499","0.046005","0.046671","0.046778","0.047317000000000005","0.047787","0.048567","0.049376","0.048645","0.047856","0.04787","0.047884","0.04758","0.046818","0.046919","0.04705","0.046735000000000006","0.046608","0.046374","0.045752","0.045435","0.045633","0.045632","0.045661","0.045608","0.045491","0.044984","0.0257","0.025683","0.025086","0.025509","0.025726","0.025675","0.02593","0.026083","0.025698","0.025815","0.026445","0.026859","0.026701","0.026338","0.026128","0.026319","0.033171","0.032943","0.032263","0.031698000000000004","0.031729","0.031791","0.032012","0.032993","0.034979","0.034776","0.056832000000000014","0.056591","0.012253","0.013799","0.013822","0.013629","0.013887","0.013806","0.013984","0.014224"
"20","0.100318","0.100869","0.101598","0.101732","0.101547","0.101941","0.103998","0.106197","0.107242","0.108292","0.10718","0.103829","0.102051","0.102215","0.102809","0.102766","0.101662","0.100683","0.100291","0.100062","0.100429","0.10097","0.100793","0.099728","0.098693","0.098015","0.095692","0.047757","0.047374","0.046891","0.046974","0.047906","0.047215","0.046422000000000005","0.046772","0.047098","0.04697","0.047141","0.047407","0.047949","0.048563","0.049253","0.050278","0.063553","0.063048","0.06133","0.059977","0.06007000000000001","0.060902","0.062212","0.06368","0.068326","0.068319","0.123375","0.12159","0.022226","0.027401","0.027376","0.02746","0.027264","0.027187","0.0272","0.027177"
"21","0.154926","0.15448199999999998","0.15447","0.15623299999999998","0.157462","0.157445","0.15801600000000002","0.159993","0.160972","0.161666","0.161412","0.15873800000000002","0.15742799999999998","0.157364","0.15748299999999998","0.157529","0.156833","0.15649200000000002","0.155728","0.153935","0.152554","0.15213800000000002","0.151223","0.149443","0.147857","0.14646099999999998","0.14318499999999998","0.08766499999999999","0.087616","0.08807000000000001","0.089176","0.09013","0.089672","0.089255","0.089619","0.09011","0.09075","0.091937","0.093147","0.093904","0.094039","0.094026","0.094471","0.123679","0.123063","0.120471","0.118007","0.117639","0.118574","0.119841","0.121256","0.126678","0.127251","0.182433","0.180203","0.043827","0.046823","0.047351","0.047634","0.049147","0.050024","0.049846","0.050145"
"22","0.123125","0.12323599999999997","0.123132","0.12375","0.12446","0.124846","0.12648199999999998","0.12878499999999998","0.128557","0.128547","0.130199","0.129269","0.127807","0.128299","0.129663","0.13046","0.129485","0.128005","0.12743","0.1269","0.12592","0.1248","0.123857","0.122731","0.121076","0.119687","0.117127","0.070163","0.070145","0.072487","0.073401","0.074767","0.074766","0.074892","0.075116","0.075558","0.07613400000000001","0.076693","0.077639","0.078547","0.07928500000000001","0.080151","0.080847","0.102728","0.102909","0.10187","0.100799","0.101145","0.102213","0.103362","0.104255","0.107346","0.10975","0.147077","0.144703","0.028309","0.037184","0.037389","0.03727","0.037288","0.03782","0.037731","0.037374"
"23","0.12626500000000002","0.126721","0.12774100000000002","0.128529","0.127261","0.12720399999999998","0.129369","0.130972","0.131679","0.132545","0.13194","0.129354","0.128151","0.12906900000000002","0.129753","0.128951","0.127167","0.126449","0.12624100000000002","0.125154","0.124977","0.125192","0.124468","0.123116","0.122021","0.120955","0.117482","0.065603","0.065217","0.066856","0.06726900000000001","0.068218","0.06793300000000001","0.067748","0.06853","0.06908500000000001","0.069702","0.070572","0.071498","0.07206900000000001","0.07221799999999999","0.07259700000000001","0.073192","0.093588","0.092616","0.090075","0.088076","0.087799","0.088757","0.09019","0.091765","0.095933","0.095567","0.148975","0.146329","0.036904","0.041294","0.041637","0.041983","0.043128","0.04373","0.043785","0.043605"
"24","0.14114200000000002","0.142256","0.14356300000000002","0.14459","0.144342","0.14413900000000002","0.146329","0.149757","0.150619","0.150222","0.149697","0.146636","0.143717","0.14365999999999998","0.144557","0.144603","0.144192","0.14345","0.142376","0.14214000000000002","0.141758","0.14122300000000002","0.141274","0.140834","0.140484","0.139536","0.136041","0.069111","0.06879600000000001","0.069237","0.069855","0.07070499999999999","0.070025","0.069131","0.068901","0.06951","0.070789","0.07247200000000001","0.07416","0.07499299999999999","0.074764","0.074556","0.07470800000000001","0.099695","0.097706","0.093178","0.08908200000000001","0.08806900000000001","0.088961","0.090621","0.092778","0.101276","0.099657","0.174822","0.173894","0.032098","0.04406","0.044068","0.044035000000000005","0.044197","0.044606","0.044306","0.044034"
"25","0.13761700000000002","0.138799","0.14038599999999998","0.141236","0.141426","0.141931","0.143779","0.147146","0.148734","0.147732","0.145538","0.141655","0.139033","0.13885899999999998","0.139121","0.139611","0.139228","0.138326","0.138149","0.137575","0.136773","0.136458","0.135762","0.13455","0.13354100000000002","0.132404","0.128716","0.061468","0.061051","0.061495000000000015","0.061541999999999986","0.06240900000000001","0.061104999999999986","0.06019500000000001","0.060417","0.061098","0.061749","0.062748","0.064206","0.064925","0.06514099999999999","0.065151","0.065232","0.087096","0.085388","0.08110099999999999","0.07724299999999999","0.076376","0.077405","0.079337","0.081607","0.08871699999999999","0.087479","0.167237","0.165616","0.028396","0.037598","0.037601","0.037408","0.037772","0.038361","0.038136","0.037538"
"26","0.157735","0.159383","0.161442","0.163704","0.163909","0.163865","0.165966","0.169319","0.17087","0.17131500000000002","0.170852","0.16710899999999998","0.163705","0.163437","0.164007","0.164241","0.163857","0.163124","0.1623","0.161564","0.16086","0.159804","0.158933","0.158338","0.157613","0.155781","0.15145999999999998","0.07675499999999999","0.076029","0.07646","0.07681900000000001","0.07731299999999999","0.07552400000000001","0.075052","0.074959","0.074744","0.07518","0.07559400000000001","0.07624600000000001","0.077283","0.077985","0.079109","0.080331","0.101367","0.100748","0.098321","0.096319","0.096408","0.097486","0.099385","0.101505","0.107794","0.10863699999999997","0.197922","0.195729","0.036985","0.047549","0.047529","0.047285","0.047808","0.048007","0.047778","0.047412"
"27","0.103043","0.104698","0.106009","0.108147","0.109915","0.111077","0.112879","0.115715","0.117682","0.11883","0.118412","0.114894","0.112557","0.112959","0.113961","0.114179","0.113863","0.113966","0.113611","0.112647","0.11187","0.110704","0.110019","0.109989","0.10908","0.108006","0.104741","0.037545","0.037294","0.039357","0.040259","0.041685","0.040612","0.040333","0.040909","0.041923","0.042710000000000005","0.043882","0.045746","0.047269","0.048346","0.049013","0.049983","0.096234","0.095421","0.092554","0.090017","0.090016","0.09167","0.0942","0.096886","0.106208","0.106985","0.213366","0.209743","0.026185000000000003","0.014169","0.01305","0.011864","0.01064","0.010026","0.009351","0.008447"
"28","0.153996","0.154901","0.155979","0.15755999999999998","0.15797","0.157694","0.15918800000000002","0.16134500000000002","0.16278","0.163445","0.162189","0.159684","0.158694","0.158599","0.158441","0.158067","0.157975","0.157664","0.156642","0.15543900000000002","0.154326","0.15333","0.15221800000000002","0.15062","0.14915699999999998","0.14740899999999998","0.143824","0.082348","0.082163","0.084884","0.085511","0.086268","0.085888","0.085625","0.086118","0.087234","0.088162","0.089629","0.091544","0.092556","0.092465","0.092199","0.092894","0.121603","0.120705","0.117466","0.114417","0.114004","0.115014","0.116671","0.118831","0.125047","0.124798","0.184532","0.182295","0.043809","0.051199","0.051601","0.051852","0.052336","0.05289","0.052714","0.052866"
"29","0.072034","0.07253899999999999","0.072315","0.0729","0.07304","0.07233400000000001","0.07319500000000001","0.07508300000000001","0.075806","0.07585499999999999","0.075649","0.075209","0.075132","0.075205","0.07574700000000001","0.075978","0.075045","0.073787","0.07344500000000001","0.07332000000000001","0.072884","0.07268","0.07249","0.07162400000000001","0.070257","0.069861","0.06880599999999999","0.040502","0.040719","0.04153","0.042037","0.04254","0.042984","0.043289","0.043226","0.043348000000000005","0.043829","0.043848000000000005","0.044274","0.045008","0.045145","0.045538","0.046204","0.058237","0.058444","0.057583","0.056794","0.056952","0.0575","0.058345000000000015","0.059139","0.060317","0.061505","0.08476900000000001","0.083316","0.017190999999999998","0.022081","0.022085","0.021835","0.022027","0.022418","0.022629","0.022273"
"30","0.159789","0.160736","0.162644","0.164645","0.165332","0.16633499999999998","0.167482","0.16908900000000002","0.17039300000000002","0.170979","0.16945","0.166178","0.164656","0.164785","0.165114","0.164295","0.162872","0.162127","0.162072","0.16139","0.160301","0.15959600000000002","0.158727","0.157078","0.155118","0.15351800000000002","0.149975","0.07864700000000001","0.07746","0.07683200000000001","0.077195","0.078361","0.07675900000000001","0.075636","0.075353","0.075679","0.076312","0.07677","0.077266","0.07774","0.078485","0.07946900000000001","0.08028099999999999","0.10599","0.105579","0.103764","0.10192","0.102295","0.104187","0.106602","0.109013","0.117252","0.119072","0.21375","0.210734","0.038974","0.043653","0.043662","0.043711","0.044437","0.045063","0.045103","0.044933"
"31","0.016381","0.017328","0.017721999999999998","0.017866","0.017863999999999998","0.017962","0.018091","0.017656","0.017294999999999998","0.017674000000000002","0.017869","0.017199000000000002","0.017427","0.017993000000000002","0.018257","0.018366","0.017932","0.017734","0.017653","0.017723","0.018204","0.018591","0.018572","0.017947","0.017719","0.017988","0.017654","0.012799","0.012414","0.012904","0.012781","0.012872","0.013203","0.013578","0.013652","0.013683","0.013667","0.013921","0.014431","0.014451","0.014325","0.014519","0.014806","0.020611","0.020716","0.020451","0.020421","0.020665","0.020978","0.02138","0.0217","0.023595","0.023707","0.019851","0.019678","0.004904","0.00535","0.005456","0.005465","0.005363000000000001","0.005573","0.005365999999999999","0.005291"
"32","0.060908","0.061066","0.062022","0.06172100000000001","0.059999","0.059813","0.060623","0.061304","0.061964","0.062218","0.062219","0.061297","0.06083","0.060591","0.06051","0.06081","0.059631","0.059308000000000013","0.05994","0.059152","0.058404","0.058381","0.058822","0.05869700000000001","0.057678","0.057062","0.055909","0.036569","0.036719","0.037156","0.037511","0.038305","0.037601","0.037748","0.038249","0.038664","0.039039","0.039547000000000006","0.040221","0.040872000000000006","0.04091","0.040438","0.040218","0.051992","0.050744","0.048473","0.046946","0.046396","0.046734","0.047494","0.048218","0.051241","0.050162","0.069867","0.069522","0.017127","0.023073","0.023304","0.023133","0.023189","0.023392","0.023154","0.022767"
"33","0.084886","0.084716","0.083165","0.083104","0.084475","0.08427799999999999","0.084006","0.084735","0.084484","0.084466","0.084755","0.08465","0.084155","0.083766","0.08430599999999999","0.084128","0.08307","0.082276","0.08236","0.08256799999999999","0.08213","0.08190700000000001","0.081945","0.08215900000000001","0.081414","0.08022699999999999","0.079511","0.050492","0.050022","0.051187","0.051555","0.051670000000000015","0.051795000000000015","0.052077","0.052174","0.052660000000000005","0.053345","0.054314","0.055689","0.056289","0.056036","0.055554999999999986","0.05523","0.072538","0.07109","0.06830599999999999","0.06592","0.065086","0.065263","0.066098","0.06717000000000001","0.071926","0.070796","0.101541","0.101129","0.026823000000000003","0.033591","0.033781","0.033687","0.034016000000000005","0.033908999999999995","0.033726","0.033845"
"34","0.114715","0.114643","0.113993","0.114841","0.115316","0.114952","0.116323","0.11772","0.117832","0.117832","0.118034","0.117175","0.115969","0.115933","0.116899","0.11766","0.117558","0.116893","0.11581099999999997","0.114809","0.114154","0.113297","0.112814","0.112548","0.112137","0.112133","0.110559","0.078317","0.07869","0.07985700000000001","0.080823","0.081712","0.081815","0.082009","0.081983","0.082424","0.083525","0.084925","0.085989","0.086315","0.08606699999999999","0.086051","0.08654500000000001","0.116896","0.116824","0.115181","0.113648","0.113551","0.114107","0.115174","0.116547","0.122917","0.123785","0.159604","0.158228","0.043768","0.04899","0.049313","0.049592","0.050245","0.050458","0.050272","0.050095"
"35","0.037899","0.038134","0.038583","0.03902","0.038468","0.038554000000000005","0.039055","0.040325","0.041709","0.042083","0.04143","0.040388","0.040639","0.040533","0.040665","0.041525","0.041492","0.041131","0.041061","0.041691000000000006","0.041481","0.040878","0.041572000000000005","0.042294","0.042456","0.042858","0.042675","0.032276","0.03243","0.033264","0.033917","0.034796","0.035486000000000004","0.035611000000000004","0.036249","0.03686","0.037516","0.03802","0.038437","0.038764","0.039142","0.040382","0.041725","0.062885","0.063472","0.06404299999999999","0.064688","0.065371","0.066104","0.067111","0.068162","0.073824","0.075472","0.050291","0.049694","0.01216","0.0127","0.012728","0.012786","0.013012","0.013222","0.013331","0.013505"
"36","0.068523","0.068062","0.068165","0.068629","0.069097","0.06982999999999999","0.07033099999999999","0.070761","0.071136","0.071283","0.071425","0.07152","0.070639","0.070426","0.07107999999999999","0.071376","0.071939","0.072022","0.071893","0.071149","0.070234","0.069923","0.06908099999999999","0.068061","0.066892","0.065433","0.064319","0.045627","0.045613","0.047244","0.047625","0.04829","0.049015","0.049131","0.049372000000000006","0.049441000000000006","0.049815","0.050326","0.050911","0.051266999999999986","0.051657000000000015","0.052111000000000005","0.052314","0.06487899999999999","0.065075","0.064803","0.064624","0.06489600000000001","0.06531100000000001","0.0655","0.06571","0.06615800000000001","0.06729199999999999","0.078007","0.076674","0.019614","0.023198","0.023402000000000003","0.023452","0.023723","0.023779","0.023859","0.023794"
"37","0.131685","0.132205","0.133231","0.13336099999999998","0.132978","0.133484","0.134651","0.136365","0.13736099999999998","0.137129","0.13636800000000002","0.13503900000000002","0.13405899999999998","0.13405","0.134378","0.134353","0.13328099999999998","0.132145","0.13109500000000002","0.130695","0.131036","0.130157","0.12983599999999998","0.129838","0.128212","0.126377","0.124317","0.08006","0.079954","0.080537","0.081025","0.08211900000000001","0.08161399999999999","0.081337","0.081715","0.082716","0.083869","0.084672","0.085332","0.085715","0.085578","0.085401","0.08591900000000001","0.115408","0.114773","0.112942","0.111529","0.111827","0.113008","0.114393","0.116209","0.123643","0.124691","0.178785","0.17666700000000002","0.048645","0.049554","0.04961","0.049717","0.050161","0.0503","0.050261","0.050256"
"38","0.125219","0.12523199999999998","0.124089","0.122076","0.120406","0.118969","0.117806","0.117871","0.11761","0.11784","0.119139","0.119552","0.120535","0.121515","0.121357","0.121657","0.122046","0.121395","0.120418","0.119249","0.118315","0.11708699999999997","0.114611","0.112825","0.111533","0.109686","0.108127","0.101679","0.102321","0.107868","0.1094","0.11071","0.113919","0.114761","0.115909","0.117624","0.119606","0.122058","0.124164","0.12475","0.123645","0.122035","0.121519","0.159048","0.158058","0.155141","0.152421","0.151051","0.150719","0.150943","0.15137","0.1543","0.152841","0.13558299999999998","0.134098","0.068945","0.07236000000000001","0.073407","0.074378","0.076774","0.077809","0.077899","0.07813099999999999"
"39","0.090416","0.091488","0.091668","0.090716","0.090439","0.090763","0.090964","0.092367","0.093336","0.093701","0.093932","0.093406","0.092871","0.092923","0.093576","0.094003","0.094031","0.093712","0.093069","0.0924","0.09117","0.089519","0.088166","0.087158","0.08717000000000001","0.08657100000000001","0.084503","0.061413","0.06118","0.063426","0.064326","0.064764","0.066112","0.066174","0.066709","0.067088","0.067423","0.06791599999999999","0.06805","0.06854","0.06925","0.06969299999999999","0.06990700000000001","0.086784","0.08689","0.086628","0.086449","0.086866","0.087598","0.088145","0.08860499999999999","0.090081","0.091566","0.106127","0.104577","0.03659","0.040056","0.040696","0.041017000000000005","0.042089","0.042499","0.042594","0.042577"
"40","0.091677","0.092329","0.092589","0.092465","0.092905","0.092939","0.093082","0.093999","0.094407","0.09433","0.094475","0.093899","0.093408","0.093144","0.093821","0.094508","0.093956","0.093511","0.093452","0.093245","0.092379","0.091347","0.091071","0.091523","0.091461","0.090901","0.08963600000000001","0.06172100000000001","0.06196","0.062386","0.062677","0.06327","0.063676","0.06392300000000001","0.064438","0.064897","0.065171","0.065737","0.066886","0.067446","0.067129","0.066828","0.066859","0.088232","0.08772200000000001","0.08617899999999999","0.084915","0.084763","0.08518300000000001","0.086086","0.087408","0.092298","0.092985","0.123184","0.12254","0.031729","0.037432","0.037513","0.03765","0.038637","0.03891","0.038559","0.038137"
"41","0.06917100000000001","0.069293","0.069302","0.069627","0.069202","0.06876399999999999","0.069589","0.071129","0.071342","0.071627","0.071051","0.069712","0.07017999999999999","0.070155","0.070102","0.070265","0.069454","0.069619","0.06969700000000001","0.06883600000000001","0.06880700000000001","0.068975","0.06802799999999999","0.067298","0.067424","0.06699400000000001","0.065731","0.046958","0.046551","0.047794","0.048538","0.049576","0.049118","0.048824","0.048939","0.049081","0.049502","0.050199","0.050854","0.051529","0.051729","0.051524","0.051467999999999986","0.068358","0.06847400000000001","0.067517","0.066589","0.066581","0.066856","0.067567","0.068594","0.07161000000000001","0.072126","0.092478","0.091479","0.022684","0.026579","0.026668","0.026557","0.026963","0.027161","0.027014","0.027043"
"42","0.053103","0.053453","0.054197","0.055284","0.055165","0.054598","0.055401","0.057026","0.057828","0.05815","0.058295000000000013","0.057756","0.057603","0.057872","0.058474","0.05879","0.058258","0.058947","0.060378","0.060443","0.059594000000000015","0.0592","0.060049","0.061152","0.061562","0.061787","0.06215800000000001","0.04875","0.049183","0.051931","0.052854999999999985","0.053395000000000005","0.0544","0.055254","0.056341","0.05726000000000001","0.057905","0.058761","0.059751","0.060249","0.06083400000000001","0.061814","0.06312899999999999","0.09762","0.098782","0.09953","0.100076","0.10111","0.10242","0.103778","0.105172","0.112927","0.115218","0.07144400000000001","0.07081799999999999","0.018132","0.019029","0.018968","0.018998","0.019477","0.019718","0.019703","0.019861"
"43","0.080902","0.081621","0.082039","0.082426","0.082933","0.08321","0.083092","0.08361","0.084829","0.085325","0.084133","0.082913","0.08274400000000001","0.083219","0.08446000000000001","0.084264","0.082884","0.082879","0.083582","0.08292200000000001","0.081522","0.08112799999999999","0.081032","0.080872","0.080486","0.080014","0.078865","0.055634","0.055936","0.057208","0.057761","0.057868","0.057855","0.057902","0.058331","0.058671","0.058846","0.059375","0.060298","0.061057000000000014","0.061323","0.061541999999999986","0.061763","0.08081100000000001","0.080486","0.07958","0.078885","0.078662","0.078913","0.079549","0.080593","0.084243","0.08469","0.111091","0.109713","0.025853","0.030859","0.031144","0.031249","0.031528","0.031861","0.031725","0.031602"
"44","0.06490599999999999","0.064498","0.063676","0.063061","0.063899","0.06425700000000001","0.064341","0.064438","0.064019","0.064348","0.06528300000000001","0.065966","0.065987","0.065362","0.06516","0.065801","0.06641799999999999","0.06655","0.066001","0.065535","0.065287","0.064437","0.063929","0.063676","0.06300900000000001","0.062263","0.06149","0.058066","0.058175","0.059559","0.060091","0.060555","0.061429","0.061441","0.06179700000000001","0.062179999999999985","0.062556","0.06296900000000001","0.063306","0.063307","0.063516","0.06399500000000001","0.06401","0.08333","0.08402799999999999","0.08488899999999999","0.085906","0.08655499999999999","0.086859","0.08706699999999999","0.08744600000000001","0.090987","0.093056","0.098418","0.097262","0.037556","0.03622","0.036454","0.036698","0.037538","0.037674","0.037636","0.03797"
"45","0.054285","0.053581","0.053004","0.053343","0.053784000000000005","0.053727","0.05394","0.054326","0.055209","0.055888","0.055743","0.056112","0.055835","0.055178","0.055824","0.056124","0.055753","0.05559","0.055786","0.05592","0.054978","0.053964","0.053389","0.052816","0.05231","0.051861","0.051831","0.049568","0.049625","0.050861","0.051317","0.051774","0.052109","0.052297","0.052867","0.053644","0.054000000000000006","0.053789","0.053689","0.053928","0.054415","0.054759","0.054823","0.07065199999999999","0.071362","0.072002","0.072524","0.073163","0.073668","0.073894","0.074003","0.076554","0.07875","0.07885700000000001","0.07769","0.029682","0.028865","0.029124","0.029258","0.029776","0.030128","0.030310000000000007","0.030142"
"46","0.080611","0.080591","0.080601","0.08105","0.08129700000000001","0.08189500000000001","0.081959","0.08277799999999999","0.084057","0.084566","0.083762","0.08183700000000001","0.081251","0.081794","0.08236","0.082501","0.081825","0.081183","0.08064400000000001","0.080171","0.080385","0.080454","0.08011599999999999","0.079849","0.079773","0.07953099999999999","0.078046","0.051824","0.051544000000000006","0.051723000000000005","0.052434","0.052474","0.052386","0.051477","0.051355","0.051822","0.052072","0.052585","0.05353","0.054117","0.054154","0.054426","0.05521","0.068966","0.068872","0.06811","0.067415","0.067473","0.067982","0.068399","0.068918","0.072386","0.072875","0.099923","0.09902","0.028427","0.035405","0.035531","0.035539999999999995","0.035601","0.035578","0.035236","0.03513"
"47","0.072766","0.073418","0.07397000000000001","0.07410499999999999","0.075005","0.075491","0.075415","0.07648300000000001","0.077726","0.078223","0.077432","0.075853","0.075424","0.075343","0.075287","0.075259","0.07549299999999999","0.075931","0.075166","0.07445","0.074033","0.07288","0.07261799999999999","0.07230199999999999","0.071274","0.071107","0.06976900000000001","0.045153","0.045564","0.04571","0.045844","0.046498000000000005","0.046084","0.045751","0.046146","0.046425","0.046512","0.046815","0.047261","0.04774","0.04786","0.047819","0.048488","0.05833500000000001","0.058299","0.057525","0.057080999999999986","0.057216","0.057667","0.058692","0.059612","0.061496","0.06225","0.08582200000000001","0.085185","0.023195","0.029899","0.029845","0.029663","0.029621","0.029967","0.029771","0.02918"
"48","0.109718","0.110467","0.111902","0.11231","0.111761","0.112146","0.113042","0.114677","0.115714","0.116334","0.117043","0.115852","0.114406","0.11406","0.114991","0.11526","0.115075","0.114875","0.113902","0.11298","0.111642","0.110618","0.110475","0.109818","0.108625","0.107224","0.10518","0.073585","0.073538","0.074681","0.075238","0.075708","0.075869","0.075598","0.07578700000000001","0.076461","0.076547","0.076916","0.077349","0.077757","0.078487","0.079013","0.07957","0.098777","0.098954","0.0981","0.097567","0.09793","0.098531","0.099406","0.100416","0.104401","0.106419","0.135695","0.134507","0.038417","0.052113","0.052302","0.0522","0.052159","0.052397000000000006","0.052201","0.051552"
"49","0.06743099999999999","0.06740399999999999","0.06729700000000001","0.06706000000000001","0.06627100000000001","0.06640499999999999","0.068256","0.068949","0.06886","0.069368","0.06867999999999999","0.067998","0.06880800000000001","0.069606","0.070891","0.071438","0.070249","0.069827","0.070266","0.07042799999999999","0.06930900000000001","0.067832","0.067113","0.066835","0.066625","0.065443","0.063511","0.047254","0.047611","0.048932","0.049237","0.049778","0.050186","0.050572000000000006","0.051241","0.051698","0.052029","0.052301","0.052778","0.053343","0.053844","0.054524","0.054953","0.06726900000000001","0.067646","0.067708","0.067776","0.06795599999999999","0.06791900000000001","0.067965","0.068245","0.069063","0.070398","0.07782599999999999","0.076636","0.022245","0.026835","0.026781","0.026678","0.027029","0.027478","0.027097000000000003","0.026535000000000003"
"50","0.090946","0.091172","0.091386","0.091174","0.091065","0.090566","0.09115","0.092428","0.092986","0.092899","0.092859","0.092788","0.09281","0.093293","0.093739","0.094446","0.094913","0.094393","0.093798","0.093924","0.094473","0.094641","0.094481","0.094195","0.093591","0.092754","0.091514","0.07109","0.070765","0.069075","0.069459","0.069757","0.06942100000000001","0.069218","0.069564","0.07010599999999999","0.070332","0.07115","0.071848","0.071904","0.072568","0.073542","0.074537","0.092621","0.092824","0.092757","0.092492","0.092473","0.092796","0.093255","0.093641","0.097021","0.098433","0.113559","0.112866","0.03668","0.05141","0.051545000000000014","0.051291","0.051277","0.051315","0.05102","0.050575"
"51","0.123161","0.123821","0.125249","0.12576800000000002","0.12578399999999998","0.125855","0.12631199999999998","0.127911","0.12856199999999998","0.12901","0.129685","0.12862300000000002","0.128566","0.129491","0.12959600000000002","0.129582","0.129226","0.12859600000000002","0.127658","0.126453","0.12503","0.123695","0.122511","0.121268","0.119974","0.118376","0.116045","0.081397","0.081246","0.08351","0.08430499999999999","0.08565","0.086549","0.086296","0.086491","0.08715","0.088005","0.088653","0.089185","0.08974","0.090231","0.0904","0.090879","0.114832","0.115364","0.114551","0.113697","0.114082","0.115156","0.116193","0.117119","0.120422","0.12268","0.145924","0.143814","0.045787","0.051508000000000005","0.05189","0.05233","0.053968","0.054863","0.054808","0.054641"
"52","0.128679","0.129198","0.130209","0.13108499999999998","0.13175499999999998","0.132623","0.133798","0.136194","0.137096","0.135882","0.135062","0.133006","0.130999","0.13169","0.13236099999999998","0.132268","0.132471","0.13172899999999998","0.130751","0.131101","0.131525","0.131018","0.130234","0.129873","0.128797","0.127295","0.125021","0.076359","0.075616","0.07460800000000001","0.075514","0.07637999999999999","0.075214","0.074656","0.074505","0.07484400000000001","0.075458","0.076174","0.076975","0.077997","0.078764","0.079506","0.080456","0.103122","0.103049","0.10177","0.100335","0.100315","0.101287","0.10253","0.104096","0.110333","0.111521","0.162799","0.161178","0.035315","0.048049","0.048242","0.04818","0.048059","0.048258","0.047732","0.047079"
"53","0.053535","0.052665","0.053028","0.052385","0.051813","0.053143","0.054000000000000006","0.053793","0.053611","0.053727","0.053916","0.054416","0.054659000000000006","0.054831","0.055545","0.055753","0.0557","0.055491","0.055117","0.054942","0.054597","0.053531","0.052544000000000014","0.052251","0.052126","0.051536","0.05082","0.048576","0.048711","0.050145","0.050188","0.050375","0.051496000000000014","0.051578","0.051859","0.052313","0.052654","0.052848","0.052935","0.052872","0.053301","0.053759","0.053651","0.068595","0.069276","0.069654","0.07008400000000001","0.07072200000000001","0.07115199999999999","0.071508","0.071924","0.074853","0.077054","0.076879","0.075973","0.02669","0.028899","0.029238","0.029426","0.029829","0.030392","0.030529","0.030477"
"54","0.111495","0.111276","0.111322","0.112133","0.112383","0.111442","0.111394","0.11319","0.114726","0.11498","0.114478","0.113642","0.112958","0.113256","0.114111","0.113985","0.113389","0.112914","0.112431","0.11145","0.110079","0.109632","0.109018","0.10772","0.107453","0.106697","0.10408599999999997","0.07455099999999999","0.074475","0.076298","0.077192","0.07821","0.078194","0.07786","0.077972","0.078501","0.07942","0.080751","0.08225700000000001","0.08296100000000001","0.083014","0.082886","0.083025","0.111307","0.111137","0.109346","0.107681","0.10749","0.10813699999999997","0.10895","0.110049","0.114992","0.115542","0.14526","0.14348699999999998","0.035688","0.042592000000000005","0.042866","0.042869","0.043447","0.043668","0.043476","0.043527"
"55","0.07663500000000001","0.077003","0.078157","0.078362","0.077459","0.076783","0.077267","0.078902","0.08000499999999999","0.080089","0.078987","0.077427","0.076157","0.075923","0.07649700000000001","0.076629","0.076278","0.076173","0.076305","0.076128","0.075627","0.075014","0.074806","0.074428","0.074395","0.074394","0.072812","0.042433","0.042031","0.043085000000000005","0.043588","0.044324","0.043015","0.042709","0.043223","0.043531","0.044111","0.045406","0.046269","0.046118","0.045908","0.045822","0.045762","0.060413","0.059328","0.056931","0.054897","0.054065","0.054119000000000014","0.054718","0.055830999999999985","0.059996","0.05869700000000001","0.091591","0.091745","0.021014","0.028004","0.027881","0.02779","0.027828","0.027969","0.027755","0.027488"
"56","0.082471","0.08239099999999999","0.08228200000000001","0.080886","0.080044","0.080166","0.079128","0.07826","0.078411","0.07887899999999999","0.07999400000000001","0.080586","0.080318","0.080536","0.08152899999999999","0.081812","0.081079","0.080854","0.08118500000000001","0.080491","0.07887100000000001","0.077865","0.076828","0.075519","0.074765","0.0743","0.073576","0.068259","0.06893200000000001","0.072436","0.073612","0.074443","0.075713","0.076347","0.077109","0.07806","0.07926799999999999","0.080613","0.081851","0.082123","0.081665","0.081062","0.080916","0.102818","0.102134","0.100297","0.098943","0.09814","0.097728","0.098006","0.098422","0.099644","0.099094","0.08927","0.08820399999999999","0.049077","0.051041","0.051402","0.051628","0.053048000000000005","0.053544000000000015","0.053571","0.053723"
"57","0.079954","0.079836","0.07871","0.076924","0.076628","0.07666","0.076225","0.07578700000000001","0.075943","0.076735","0.077093","0.077277","0.078278","0.07899","0.079325","0.079621","0.079189","0.078795","0.078865","0.078181","0.076924","0.075892","0.074675","0.073571","0.072976","0.072074","0.07055499999999999","0.066217","0.066751","0.070254","0.07105399999999999","0.071578","0.073573","0.074264","0.07510399999999999","0.076356","0.077566","0.07885700000000001","0.08015900000000001","0.080791","0.080157","0.079111","0.079194","0.100973","0.099925","0.097875","0.096206","0.095405","0.095238","0.09576","0.096356","0.097041","0.096143","0.08456699999999999","0.08353","0.04366","0.047335","0.047943","0.048216","0.049147","0.049822000000000005","0.049844","0.049847"
"58","0.082425","0.082441","0.082424","0.082304","0.082629","0.082686","0.083253","0.084972","0.085355","0.08524","0.08580700000000001","0.085481","0.085569","0.086401","0.086883","0.087493","0.08743200000000001","0.08666499999999999","0.086336","0.086113","0.085883","0.084687","0.082902","0.08201900000000001","0.081457","0.080505","0.079072","0.059762","0.0596","0.06195800000000001","0.06266000000000001","0.063576","0.064105","0.064579","0.06532400000000001","0.065743","0.066263","0.066789","0.067114","0.067797","0.068388","0.06858","0.06926","0.087035","0.087118","0.087237","0.087257","0.08734","0.087674","0.088286","0.08881900000000001","0.091329","0.093894","0.099103","0.09752","0.021688","0.031101","0.031352","0.031409","0.031151","0.031299","0.03111","0.03068"
"59","0.098415","0.098847","0.098487","0.098184","0.098445","0.09954","0.101108","0.102461","0.103276","0.103624","0.103243","0.102272","0.10186","0.101905","0.101884","0.102147","0.102959","0.102075","0.100887","0.100551","0.099042","0.097544","0.097031","0.096827","0.096097","0.09434","0.092083","0.059211","0.058689","0.060723","0.06139500000000001","0.061758000000000014","0.062124","0.062358","0.062461","0.06289","0.063621","0.063851","0.06386599999999999","0.064148","0.06466799999999999","0.065352","0.065761","0.082173","0.082452","0.08177899999999999","0.080986","0.081068","0.081777","0.082737","0.08352799999999999","0.08592000000000001","0.087059","0.116876","0.11541400000000003","0.033083999999999995","0.036469","0.036473","0.036718","0.03789","0.038105","0.038254","0.038773"
"60","0.126046","0.12699000000000002","0.128248","0.12879100000000002","0.128801","0.128867","0.13081800000000002","0.13316","0.133368","0.133572","0.134074","0.132273","0.13086099999999998","0.131727","0.132305","0.13211099999999998","0.132007","0.132723","0.132403","0.130433","0.129218","0.128571","0.127614","0.126004","0.124484","0.12346300000000003","0.120889","0.081666","0.081345","0.082101","0.08229700000000001","0.08269299999999999","0.083146","0.08267100000000001","0.082912","0.08355499999999999","0.08378","0.084202","0.084784","0.085201","0.086008","0.086758","0.087438","0.107608","0.107598","0.106847","0.10612","0.106427","0.107188","0.108078","0.109353","0.113905","0.1161","0.152687","0.150686","0.0428","0.0571","0.057448","0.057449","0.057638","0.058163","0.057592","0.056754"
"61","0.093057","0.092723","0.091584","0.091118","0.091081","0.090487","0.08995700000000001","0.089941","0.090233","0.090712","0.09177","0.092679","0.093258","0.094058","0.094801","0.095266","0.095588","0.095594","0.094946","0.093779","0.092179","0.090691","0.089517","0.088637","0.08820700000000001","0.087474","0.08636","0.080511","0.080667","0.083484","0.084233","0.084803","0.086061","0.085992","0.086485","0.087541","0.088828","0.090351","0.091679","0.092381","0.092151","0.091435","0.091384","0.121371","0.120935","0.119525","0.118299","0.117606","0.117159","0.116988","0.11748","0.120809","0.121461","0.115321","0.11428","0.038001","0.047509","0.047978","0.048573000000000005","0.049518","0.04998","0.049929","0.049534"
"62","0.089759","0.088884","0.088354","0.088193","0.08851","0.0888","0.089233","0.08956900000000001","0.090059","0.090915","0.091395","0.091365","0.09172","0.092918","0.093801","0.094152","0.095197","0.09571","0.094829","0.093812","0.092318","0.090818","0.09001","0.088851","0.087551","0.085869","0.084732","0.080236","0.080731","0.082679","0.082857","0.083436","0.083954","0.08418099999999999","0.084472","0.084848","0.085276","0.0856","0.085967","0.08648600000000001","0.087365","0.087978","0.088094","0.106602","0.107374","0.107789","0.108204","0.108508","0.108566","0.108676","0.108677","0.109908","0.113055","0.105434","0.104314","0.046199","0.062139","0.06250599999999999","0.062544","0.063038","0.063167","0.062795","0.062068"
"63","0.06637699999999999","0.066401","0.065965","0.064637","0.063769","0.063955","0.06450800000000001","0.06464","0.065359","0.06636","0.065707","0.065237","0.06618099999999999","0.066665","0.06678300000000001","0.067321","0.066984","0.066137","0.06637799999999999","0.066505","0.06552999999999999","0.064826","0.064209","0.062974","0.062449","0.062313","0.061739","0.05749600000000001","0.057714","0.058378","0.058792","0.059561","0.060227","0.060777","0.060905","0.060883000000000013","0.061558","0.062286","0.062993","0.063766","0.06396900000000001","0.063559","0.06327","0.08083","0.080981","0.08038300000000001","0.079704","0.079224","0.07908","0.07925900000000001","0.079208","0.081189","0.082035","0.080024","0.07961","0.033595","0.045783","0.04595","0.04597","0.046656","0.046526","0.046001","0.045627"
"64","0.084753","0.084552","0.08423","0.083733","0.083061","0.082911","0.083941","0.084133","0.08383","0.08491599999999999","0.085798","0.086838","0.087607","0.087701","0.08795900000000001","0.087788","0.0872","0.086825","0.08663799999999999","0.08592899999999999","0.085128","0.083871","0.082133","0.08106000000000001","0.080844","0.080042","0.078911","0.074938","0.07531399999999999","0.076915","0.078024","0.078931","0.079542","0.079997","0.080575","0.081081","0.08175199999999999","0.08242000000000001","0.082585","0.082716","0.083177","0.083442","0.083212","0.108157","0.109034","0.109647","0.110304","0.111022","0.111516","0.11178699999999997","0.11178699999999997","0.115225","0.117954","0.11432","0.112832","0.047049","0.045804","0.046261","0.046694","0.048486","0.049125","0.048982","0.048933"
"65","0.092171","0.091221","0.090602","0.090046","0.089111","0.088439","0.088676","0.088887","0.08848099999999999","0.088547","0.089324","0.090555","0.091366","0.092093","0.092211","0.092249","0.092622","0.092158","0.091398","0.090112","0.08866399999999999","0.087915","0.086528","0.085315","0.08456699999999999","0.083294","0.081986","0.078341","0.078546","0.082304","0.083108","0.08409900000000001","0.08555700000000001","0.086434","0.087","0.087681","0.08972999999999999","0.092117","0.093836","0.094855","0.094143","0.092377","0.09151","0.123297","0.122286","0.119435","0.116769","0.115358","0.114845","0.115028","0.115803","0.120201","0.119028","0.106831","0.106278","0.046431","0.057364","0.057954","0.058077","0.059163","0.05938300000000001","0.059378","0.059523"
"66","0.083859","0.082844","0.08248","0.081838","0.082097","0.08279700000000001","0.082615","0.08269800000000001","0.08343099999999999","0.084745","0.086048","0.086422","0.086245","0.086877","0.087466","0.087239","0.086404","0.085616","0.085744","0.085233","0.084266","0.083299","0.081648","0.080287","0.079486","0.07841000000000001","0.077017","0.07193","0.072383","0.07498300000000001","0.07601000000000001","0.076611","0.078069","0.07858","0.079118","0.079434","0.079961","0.080398","0.080303","0.080631","0.081037","0.081076","0.08119900000000001","0.103408","0.10431300000000003","0.105513","0.106074","0.106081","0.106402","0.106705","0.106829","0.108122","0.111065","0.103603","0.102247","0.042615","0.045479","0.046166000000000006","0.046673","0.048389","0.049098","0.049482","0.049777"
"67","0.064235","0.06391000000000001","0.06223500000000001","0.061719","0.061461","0.060542","0.060651","0.061108","0.06150700000000001","0.061836","0.062247","0.063249","0.06363300000000001","0.06313400000000001","0.062895","0.063158","0.063419","0.063188","0.062776","0.062661","0.062223","0.061111","0.060332","0.060159","0.059605","0.059617","0.060197","0.057435","0.05799","0.060032","0.060719","0.061076","0.061703","0.062713","0.06343700000000001","0.063783","0.06425800000000001","0.06527000000000001","0.066398","0.066776","0.066179","0.065472","0.065177","0.089431","0.089133","0.08775","0.086505","0.08617799999999999","0.08656900000000001","0.08702","0.087398","0.091681","0.091663","0.096674","0.096201","0.033759","0.037366","0.037736","0.037797","0.038172000000000005","0.038406","0.038359","0.038438"
"68","0.075263","0.07411799999999999","0.07338099999999999","0.07306499999999999","0.072181","0.072088","0.072181","0.071768","0.072402","0.07309199999999999","0.07321","0.073783","0.074665","0.0747","0.074508","0.075373","0.07552400000000001","0.07485800000000001","0.07505","0.074932","0.074143","0.07368","0.072612","0.070917","0.070228","0.06989400000000001","0.068997","0.06514199999999999","0.064528","0.066634","0.067207","0.068123","0.06880599999999999","0.06919199999999999","0.069736","0.07051900000000001","0.071435","0.072385","0.07371","0.074822","0.074888","0.074275","0.07420399999999999","0.101586","0.101592","0.100406","0.09909","0.098453","0.098567","0.099012","0.099589","0.103067","0.103359","0.103788","0.102586","0.033023000000000004","0.034706","0.035296","0.035715","0.036727","0.036908","0.036376","0.03643"
"69","0.076646","0.0773","0.076315","0.075576","0.075668","0.074878","0.07409400000000001","0.074433","0.075179","0.07559600000000001","0.075565","0.075772","0.07660800000000001","0.076822","0.076596","0.076342","0.076552","0.077276","0.077209","0.076571","0.076052","0.07523200000000001","0.074541","0.074464","0.074127","0.073267","0.072305","0.068516","0.068638","0.06970900000000001","0.069868","0.070099","0.070703","0.07083099999999999","0.071167","0.07194099999999999","0.07291900000000001","0.073666","0.074598","0.075565","0.07574199999999999","0.075671","0.075544","0.097855","0.097663","0.096333","0.094949","0.094185","0.094034","0.094314","0.094823","0.09773","0.097702","0.095473","0.09514","0.036303","0.049741","0.049841","0.049987","0.050081","0.049964","0.049567","0.049116"
"70","0.083109","0.082862","0.082247","0.08266","0.083734","0.083736","0.08358099999999999","0.08379400000000001","0.083922","0.083877","0.0841","0.084797","0.08548","0.086656","0.087494","0.087629","0.088424","0.089409","0.089142","0.087642","0.086542","0.085111","0.083205","0.082136","0.080947","0.079714","0.07862999999999999","0.07398500000000001","0.073894","0.076415","0.076546","0.07685800000000001","0.078007","0.078637","0.079067","0.079653","0.080162","0.080263","0.080652","0.081088","0.081643","0.081903","0.081617","0.100584","0.101266","0.1019","0.10228","0.10262","0.102922","0.102882","0.102675","0.103583","0.105745","0.098722","0.097524","0.040966","0.054733","0.055317","0.055275","0.055587","0.055741999999999986","0.055258","0.055024"
"71","0.059072","0.058882","0.058469000000000014","0.058375","0.057204","0.056737","0.057391","0.057374","0.057187","0.057547","0.05774","0.05773200000000001","0.05846000000000001","0.058766","0.059291","0.060312","0.059922","0.059308000000000013","0.059034","0.05855","0.058434","0.057917","0.05661","0.055751","0.055541","0.055515","0.054787","0.051320000000000005","0.051775","0.054166999999999986","0.055054999999999986","0.055482","0.055669","0.056179","0.056445","0.05693400000000001","0.057576","0.058444","0.059768","0.060215","0.059866","0.059699","0.059529999999999986","0.078151","0.077803","0.076713","0.075424","0.074791","0.07471799999999999","0.074851","0.075268","0.077699","0.078038","0.077599","0.076915","0.025377","0.031323000000000004","0.03145","0.03155","0.031825","0.032035","0.032037","0.031927"
"72","0.091702","0.091516","0.09218","0.092107","0.091603","0.092183","0.092365","0.09213","0.092031","0.091819","0.092836","0.094144","0.094998","0.095402","0.095537","0.095911","0.095863","0.0956","0.095227","0.093594","0.091795","0.090722","0.089175","0.088104","0.087245","0.08659800000000001","0.085776","0.081112","0.081148","0.084147","0.08496000000000001","0.085487","0.086953","0.088042","0.088345","0.088537","0.089005","0.08974800000000001","0.090218","0.090981","0.091182","0.091001","0.091484","0.1178","0.118864","0.119394","0.119999","0.120599","0.121148","0.121764","0.122063","0.124809","0.128424","0.121928","0.120276","0.051036","0.049609","0.05044","0.050974","0.052555","0.05345","0.053782","0.05391"
"73","0.046675","0.046823","0.047661","0.047664","0.046723","0.046609","0.04704","0.046856","0.046297000000000005","0.046058","0.04655","0.046816","0.046485000000000005","0.046459","0.04647","0.046938","0.047926","0.048116","0.047695","0.047618","0.047788","0.047559","0.047432","0.047604","0.047025","0.046059","0.045656","0.042275","0.042436","0.04292","0.043101","0.043208","0.042881","0.04307","0.043326","0.043543","0.043698","0.044294","0.045234","0.046014","0.046137","0.046004","0.046133","0.059032000000000015","0.059004","0.058587","0.058213","0.057804","0.057470000000000014","0.05754500000000001","0.057823","0.05951","0.05989700000000001","0.057944","0.057348","0.023756","0.032242","0.032579000000000004","0.03258","0.032774","0.03268","0.032128","0.031636000000000004"
"74","0.07934","0.078581","0.079125","0.078672","0.0777","0.077186","0.07644400000000001","0.075987","0.075684","0.075837","0.0759","0.075775","0.075558","0.075389","0.076057","0.07636699999999999","0.076164","0.076159","0.07585599999999999","0.075544","0.075041","0.073738","0.072888","0.072899","0.072268","0.07180299999999999","0.071675","0.068549","0.06865399999999999","0.071488","0.07247200000000001","0.073032","0.073447","0.07423099999999999","0.075384","0.076559","0.078422","0.08083","0.083385","0.084771","0.083486","0.08090800000000001","0.079427","0.110062","0.107932","0.102771","0.098244","0.095847","0.094994","0.095521","0.09665","0.102966","0.099631","0.09486","0.095036","0.038663","0.053712","0.054317","0.054373000000000005","0.054215","0.054261","0.054137","0.053561"
"75","0.11194","0.110507","0.110219","0.110263","0.109659","0.109699","0.109556","0.109159","0.109358","0.110185","0.111009","0.111863","0.11313","0.1144","0.115488","0.116091","0.116214","0.116052","0.116055","0.11516400000000003","0.112849","0.11033","0.108392","0.10682","0.104745","0.102728","0.101293","0.09411","0.094247","0.099162","0.100238","0.101326","0.103283","0.103823","0.105115","0.106208","0.106822","0.10785","0.109159","0.109974","0.110365","0.110512","0.110467","0.140903","0.141343","0.140959","0.140243","0.140005","0.14013399999999998","0.14015999999999998","0.14014","0.140764","0.142511","0.124709","0.123286","0.058042","0.06973","0.070301","0.070698","0.071871","0.0722","0.071969","0.07173"
"76","0.090476","0.08956900000000001","0.089655","0.089067","0.088148","0.088631","0.08944500000000001","0.089325","0.089711","0.09042","0.091959","0.093074","0.093839","0.095171","0.095845","0.096407","0.096474","0.096391","0.096085","0.095229","0.095062","0.094442","0.09302","0.092401","0.092622","0.092783","0.092111","0.092239","0.092842","0.09889","0.100457","0.101333","0.103484","0.10434","0.105623","0.10759","0.109772","0.111616","0.11261","0.112923","0.113078","0.1139","0.11516300000000003","0.16351400000000002","0.164177","0.164176","0.16408399999999998","0.164305","0.165217","0.166216","0.166973","0.173177","0.175803","0.118893","0.117362","0.037795","0.043771","0.044389","0.045025","0.04592","0.046659","0.046695","0.046336"
"77","0.092315","0.090914","0.090266","0.09005","0.089928","0.089753","0.08963","0.090286","0.090652","0.0908","0.091798","0.092655","0.093629","0.094862","0.09518","0.095405","0.095726","0.095548","0.094535","0.093221","0.091915","0.089897","0.08824800000000001","0.087719","0.086371","0.084569","0.083595","0.07792400000000001","0.077914","0.08179299999999999","0.08261","0.083347","0.085632","0.086614","0.087341","0.087844","0.08866399999999999","0.089672","0.090491","0.091036","0.091257","0.091087","0.091081","0.115072","0.115587","0.11553499999999997","0.115317","0.11517","0.11517","0.115402","0.11564","0.116153","0.117354","0.101046","0.099497","0.049078","0.054342","0.055105","0.055823000000000005","0.057172","0.057852","0.058109","0.058039"
"78","0.088439","0.088324","0.087156","0.08606","0.087226","0.08797","0.087587","0.087862","0.088538","0.088631","0.089298","0.089808","0.090344","0.091283","0.091645","0.091788","0.091667","0.091289","0.091221","0.090506","0.088935","0.087667","0.086113","0.085212","0.084964","0.08354099999999999","0.081527","0.077445","0.077581","0.079919","0.081052","0.081572","0.082471","0.08307300000000001","0.08377899999999999","0.084824","0.08556799999999999","0.08634700000000001","0.08708300000000001","0.087207","0.08741399999999999","0.087762","0.087878","0.110978","0.111896","0.112397","0.112438","0.112531","0.11277","0.113033","0.113218","0.114619","0.117301","0.105161","0.103754","0.048088","0.054066","0.054680999999999993","0.055045","0.056171000000000006","0.056816999999999986","0.056743","0.056615"
"79","0.079729","0.078801","0.07812000000000001","0.07837100000000001","0.078092","0.078958","0.07975399999999999","0.079584","0.079961","0.080499","0.080843","0.08086499999999999","0.081564","0.082491","0.082911","0.083624","0.084632","0.085785","0.086029","0.08441799999999999","0.082468","0.081586","0.080725","0.07883899999999999","0.077285","0.076565","0.07621499999999999","0.07284700000000001","0.073108","0.074489","0.074348","0.07471799999999999","0.075159","0.075277","0.075815","0.07615","0.076276","0.07686699999999999","0.077206","0.077276","0.077818","0.078376","0.078704","0.094544","0.095315","0.096008","0.096462","0.096679","0.096649","0.096718","0.097037","0.09821","0.100912","0.094951","0.093822","0.042957","0.057878999999999986","0.058061","0.05829","0.058475","0.058374","0.057799","0.057259"
"80","0.046879","0.047279","0.047231","0.046047000000000005","0.044825","0.044765","0.044959","0.04506","0.045088","0.04554","0.045815","0.045860000000000005","0.046564","0.046891","0.047096","0.046923","0.04644","0.046223","0.046014","0.045795","0.045977","0.045844","0.045161","0.044783","0.044492","0.04385","0.043337","0.042088","0.042221","0.04395","0.044355","0.044825","0.045633","0.045855","0.045984","0.046385","0.046989","0.04803","0.048842","0.048979","0.048436","0.047663","0.047449","0.063525","0.062975","0.061525","0.06022200000000001","0.059614","0.059658","0.06003500000000001","0.060623","0.063362","0.063097","0.062337","0.062233","0.019619","0.024215","0.024537","0.024756","0.024906","0.025046","0.024915","0.024417"
"81","0.08983","0.090609","0.091759","0.092093","0.091881","0.092593","0.094118","0.095525","0.097026","0.097745","0.098332","0.1001","0.102147","0.103676","0.105291","0.10669","0.107788","0.108419","0.10803","0.107999","0.108355","0.108616","0.109192","0.109984","0.110843","0.111896","0.112977","0.125373","0.127502","0.13791099999999998","0.140455","0.142879","0.147734","0.151291","0.154109","0.156366","0.159124","0.162136","0.164717","0.167774","0.170729","0.172544","0.174747","0.277685","0.280754","0.283948","0.28688","0.28963","0.292434","0.295234","0.29804899999999995","0.31479","0.321485","0.11504","0.113392","0.04196","0.043766","0.044631","0.045235","0.046239","0.04693","0.04734","0.047918"
"82","0.086408","0.086434","0.086049","0.08589","0.085224","0.08495","0.08560599999999999","0.085864","0.086181","0.086867","0.086937","0.087367","0.089185","0.09013","0.08985900000000001","0.089985","0.090313","0.089864","0.088791","0.087261","0.08607200000000001","0.085739","0.084464","0.082874","0.081804","0.080055","0.078437","0.073975","0.074167","0.076693","0.07772799999999999","0.078612","0.080312","0.080847","0.081639","0.082151","0.08265499999999999","0.08316799999999999","0.08352799999999999","0.083758","0.084174","0.084793","0.08496000000000001","0.104636","0.105662","0.106284","0.106685","0.107284","0.107414","0.107474","0.107653","0.108455","0.110897","0.096631","0.095033","0.047565","0.050905","0.051721","0.052324","0.053659000000000005","0.054584","0.054791999999999993","0.054831"
"83","-0.109755","-0.10772","-0.106753","-0.105507","-0.103655","-0.101619","-0.098935","-0.096291","-0.093781","-0.091294","-0.08744199999999999","-0.08257","-0.079269","-0.076292","-0.07284500000000001","-0.06909","-0.066355","-0.065329","-0.06375399999999999","-0.062202","-0.063026","-0.064297","-0.064449","-0.065485","-0.06716","-0.068441","-0.06955800000000001","-0.041137","-0.039019","-0.024747","-0.021717","-0.018837","-0.010571","-0.007324","-0.004405","-0.001057","0.0017809999999999996","0.004475","0.0076510000000000015","0.010892","0.013869","0.016909999999999998","0.020066","0.108145","0.111906","0.114599","0.116714","0.118625","0.119939","0.12054","0.120675","0.119066","0.124078","0.115173","0.114848","-0.0056630000000000005","-0.027994","-0.030713","-0.033429","-0.03847","-0.041451","-0.044263","-0.046854"
"84","0.08922999999999999","0.088353","0.087556","0.08708400000000001","0.08665199999999999","0.087144","0.08841","0.088768","0.088156","0.088023","0.088975","0.09014","0.091043","0.09122","0.092012","0.093575","0.094292","0.093713","0.092658","0.09186","0.091067","0.089972","0.08846","0.087224","0.08582999999999999","0.084785","0.083997","0.07795","0.077824","0.079864","0.081114","0.08217","0.083815","0.084383","0.085006","0.085409","0.086279","0.087028","0.087474","0.088176","0.089059","0.089936","0.090705","0.113072","0.114315","0.114886","0.114905","0.115091","0.115193","0.115403","0.115724","0.116751","0.119818","0.106767","0.104917","0.037352","0.050562","0.050694","0.05047","0.050727","0.050917","0.050527","0.050222"
"85","0.139281","0.138053","0.136449","0.13473800000000002","0.133221","0.132179","0.132101","0.132019","0.13201500000000002","0.132578","0.132961","0.133848","0.13607","0.137489","0.13826300000000002","0.138928","0.138856","0.138614","0.1376","0.13572","0.133824","0.13201300000000002","0.129956","0.127459","0.12504400000000002","0.123418","0.121751","0.111632","0.112382","0.118816","0.120414","0.121943","0.125142","0.12653","0.127944","0.129688","0.131886","0.13441","0.136903","0.137944","0.136831","0.135552","0.135212","0.17707699999999998","0.176038","0.17290999999999998","0.170004","0.168471","0.168283","0.16863","0.169229","0.171353","0.170422","0.150082","0.148563","0.074168","0.081348","0.082401","0.083466","0.08578200000000001","0.086762","0.08705399999999999","0.087277"
"86","0.103866","0.10351","0.103089","0.102274","0.101998","0.102112","0.102386","0.102379","0.10272","0.103727","0.10469","0.105666","0.106348","0.106776","0.10811099999999997","0.10918","0.108117","0.107397","0.107078","0.105732","0.10447","0.102485","0.100689","0.099307","0.097849","0.096566","0.095774","0.090617","0.090895","0.09338","0.09443","0.095444","0.097526","0.098621","0.099337","0.100047","0.10052","0.100708","0.101428","0.101711","0.101605","0.101777","0.102227","0.133672","0.13508699999999998","0.136076","0.136575","0.137303","0.138167","0.13877","0.13925","0.142087","0.145927","0.13660999999999998","0.134744","0.051487","0.054013","0.05509","0.055913","0.057271","0.058217999999999985","0.058378","0.058449"
"87","0.08293099999999999","0.081613","0.080535","0.080716","0.080415","0.079312","0.079322","0.07956","0.079399","0.079937","0.080574","0.080552","0.081081","0.082136","0.08229500000000001","0.0823","0.082566","0.082923","0.083161","0.08242200000000001","0.08052000000000001","0.079204","0.078499","0.077835","0.07734400000000001","0.076717","0.076438","0.071798","0.071976","0.073903","0.074744","0.074853","0.07599600000000001","0.075985","0.076553","0.077988","0.079279","0.080666","0.08240700000000001","0.083013","0.082428","0.081762","0.08124400000000001","0.107642","0.107255","0.105382","0.103744","0.10296","0.102645","0.103059","0.103945","0.107555","0.107302","0.104863","0.103958","0.037056","0.044793","0.045323","0.045691","0.046455","0.046717","0.046412","0.046352"
"88","0.077787","0.077805","0.079045","0.080437","0.080199","0.079829","0.080407","0.081585","0.082756","0.083834","0.085671","0.0871","0.087061","0.087986","0.090422","0.092124","0.091589","0.090556","0.090757","0.091198","0.09158","0.091661","0.091397","0.091523","0.092036","0.092516","0.092886","0.101052","0.102355","0.110697","0.113064","0.11489","0.11905","0.121178","0.122907","0.12488699999999997","0.12704","0.129122","0.131159","0.132794","0.13437000000000002","0.136383","0.138281","0.211416","0.21335","0.215328","0.217616","0.219684","0.221517","0.223343","0.225246","0.237309","0.242398","0.09553","0.094184","0.033736","0.035121","0.035529000000000005","0.036048","0.037091000000000006","0.037274","0.037610000000000005","0.038204"
"89","0.101915","0.101861","0.100643","0.100272","0.100092","0.100034","0.100008","0.100435","0.100953","0.101592","0.101842","0.102116","0.103545","0.10454","0.104937","0.104997","0.104767","0.104224","0.103724","0.102774","0.100951","0.100104","0.099441","0.097663","0.095884","0.09511","0.094954","0.088127","0.08842799999999999","0.090578","0.091106","0.09142","0.093342","0.094115","0.094678","0.094975","0.095561","0.096229","0.096443","0.096721","0.09677","0.09666","0.097176","0.12548","0.126708","0.127946","0.128779","0.12936199999999998","0.130235","0.13106900000000002","0.131492","0.135798","0.139989","0.141278","0.139547","0.055054999999999986","0.054733","0.055507000000000015","0.056062","0.057736","0.058541","0.058694","0.058694"
"90","0.051557000000000006","0.051404999999999985","0.051524","0.051271","0.051782","0.053138","0.05451","0.055586","0.056599","0.057306","0.057704","0.057775","0.058213","0.059354","0.06014700000000001","0.06113","0.062073","0.062435","0.06244","0.062653","0.063115","0.063192","0.06321399999999999","0.06394","0.064239","0.064522","0.066013","0.07283400000000001","0.073912","0.080535","0.08202999999999999","0.083149","0.08651","0.087852","0.089601","0.091337","0.093166","0.094253","0.095428","0.097159","0.098639","0.100166","0.102108","0.16154100000000002","0.163629","0.16555899999999998","0.167447","0.16919","0.170971","0.172672","0.17406","0.184703","0.188439","0.070306","0.069219","0.024987","0.024464","0.024905","0.025064","0.025826","0.026124","0.026442","0.026732"
"91","0.07600599999999999","0.07596699999999999","0.07548400000000001","0.074834","0.073428","0.072688","0.07335499999999999","0.073738","0.073799","0.07413","0.07483300000000001","0.07457000000000001","0.073812","0.074253","0.074803","0.07483300000000001","0.075171","0.07587100000000001","0.075643","0.074568","0.073647","0.072977","0.072076","0.07157999999999999","0.071105","0.070256","0.06968300000000001","0.06818300000000001","0.068484","0.071997","0.07310599999999999","0.074117","0.07506399999999999","0.075477","0.07631","0.07787000000000001","0.07986499999999999","0.08229199999999999","0.084691","0.085396","0.084077","0.081988","0.080842","0.111948","0.109861","0.106058","0.102865","0.101435","0.10122","0.101644","0.102861","0.10848900000000003","0.106191","0.100519","0.100924","0.034505","0.046505","0.046926","0.047286","0.047492","0.048002","0.04753","0.046695"
"92","0.036847000000000005","0.036991","0.036354","0.035394","0.034952","0.034221","0.033881","0.034202","0.034260000000000006","0.034415","0.034892","0.034474","0.034394","0.034817","0.035168","0.036184","0.035787","0.034809","0.035164","0.035407","0.035071","0.034522000000000004","0.033876","0.033459","0.033281","0.033107","0.032803","0.031118","0.031284","0.032747000000000005","0.033582","0.033878","0.034054","0.034246","0.034413","0.035048","0.036306","0.03759","0.038718","0.039142","0.038535","0.03769","0.037303","0.050812","0.049902","0.047884","0.045891","0.044828","0.044612","0.044645","0.044866","0.047262","0.045759","0.041581","0.041683","0.017502","0.023467","0.023742","0.023744","0.023824","0.023886","0.023524","0.0235"
"93","0.105998","0.104893","0.104154","0.103551","0.103273","0.103529","0.103909","0.103507","0.103838","0.105521","0.106195","0.106837","0.108832","0.109438","0.109905","0.111312","0.111404","0.11061300000000003","0.109683","0.108854","0.107946","0.10623","0.104072","0.101784","0.099852","0.097977","0.096091","0.087616","0.08835900000000001","0.093393","0.094675","0.096143","0.098724","0.100255","0.101873","0.102841","0.103777","0.105183","0.106602","0.107563","0.107939","0.108028","0.108121","0.13934000000000002","0.13936600000000002","0.138803","0.138154","0.137647","0.137346","0.137402","0.13777799999999998","0.137677","0.139472","0.119286","0.117142","0.049642","0.056704","0.057029","0.057286","0.058374","0.058608000000000014","0.058469000000000014","0.05866900000000001"
"94","0.097636","0.097397","0.096557","0.09632","0.095571","0.09522","0.096314","0.096987","0.097764","0.098469","0.099405","0.10105","0.101927","0.102951","0.104598","0.10583","0.106579","0.107029","0.106945","0.106162","0.105375","0.104888","0.10415","0.10374","0.103028","0.101991","0.101959","0.104483","0.105408","0.11347","0.115455","0.117205","0.120804","0.122968","0.12487","0.126976","0.129183","0.131072","0.13323800000000002","0.134654","0.135268","0.135939","0.136993","0.198738","0.199632","0.199387","0.199255","0.200026","0.201089","0.20217","0.203323","0.211969","0.214852","0.114042","0.112741","0.046422000000000005","0.051532000000000015","0.05229","0.052919000000000015","0.054239","0.055024","0.054855","0.054734000000000005"
"95","0.068138","0.067614","0.067211","0.067344","0.066952","0.067235","0.067398","0.066708","0.067044","0.067949","0.068647","0.069131","0.068911","0.068717","0.06923","0.07013899999999999","0.070475","0.070013","0.069401","0.069203","0.06855399999999999","0.067226","0.065768","0.064762","0.06508","0.06476900000000001","0.063697","0.060513","0.060564","0.061823","0.061887","0.062523","0.06385199999999999","0.064246","0.06465599999999999","0.065088","0.06518","0.065304","0.06561399999999999","0.06565700000000001","0.065673","0.06584","0.065963","0.084652","0.085629","0.086297","0.08688799999999999","0.087509","0.088027","0.088599","0.089226","0.091786","0.0942","0.095026","0.093634","0.040433","0.037355","0.03768","0.037832","0.03834","0.038672000000000005","0.0388","0.038842"
"96","0.071633","0.07096799999999999","0.0706","0.06958400000000001","0.068643","0.068111","0.066798","0.066165","0.066851","0.067291","0.06676900000000001","0.066254","0.066598","0.06731000000000001","0.067897","0.068437","0.068245","0.067135","0.066815","0.066695","0.06603300000000001","0.065677","0.06514099999999999","0.064499","0.06432","0.063575","0.062347","0.059576","0.059749","0.062702","0.06348200000000001","0.06364","0.064976","0.065697","0.066991","0.068802","0.070751","0.07329400000000001","0.07587100000000001","0.076664","0.07508300000000001","0.072492","0.071077","0.099694","0.096882","0.091699","0.087315","0.085148","0.084539","0.085034","0.086224","0.091036","0.087203","0.087078","0.088049","0.031251","0.043842","0.04384","0.043945","0.04418","0.04411","0.043572","0.043445"
"97","0.085324","0.085885","0.085578","0.08463","0.084475","0.084543","0.08469199999999999","0.085246","0.084925","0.084841","0.085914","0.087187","0.088548","0.089405","0.089774","0.089724","0.089512","0.089259","0.08838700000000001","0.086891","0.085675","0.085077","0.084123","0.082833","0.081901","0.081337","0.08025800000000001","0.075916","0.07589","0.079068","0.07962000000000001","0.08064600000000001","0.08242999999999999","0.082626","0.083463","0.084165","0.085104","0.085553","0.085781","0.086672","0.086978","0.086649","0.086434","0.115077","0.115592","0.115089","0.114518","0.114599","0.114861","0.114957","0.11528800000000003","0.117474","0.119635","0.109296","0.108141","0.038072","0.044013","0.044801","0.045517","0.046406","0.047188","0.047184","0.04701"
"98","0.048119","0.047786","0.048244","0.048702","0.047523","0.047266","0.047032","0.046741000000000005","0.04737","0.04751","0.048063","0.048515","0.048528","0.049188","0.049609","0.049485","0.049307","0.04918","0.049113","0.048812","0.048334","0.047737","0.046967","0.046218","0.045851","0.045595","0.044027","0.041066000000000005","0.041231","0.042965","0.043813","0.04426","0.0449","0.0451","0.045623","0.045899","0.046226","0.04684","0.04746","0.047645","0.047341","0.047245","0.04732","0.058469000000000014","0.058478","0.057805","0.057133","0.057126","0.057367","0.05744700000000001","0.057264","0.057792","0.058124","0.051515","0.050874","0.023874","0.027642","0.027741","0.027989","0.028565","0.028793","0.028598","0.028394"
"99","0.098946","0.098366","0.097348","0.096073","0.09557","0.095732","0.096327","0.09728","0.097475","0.097922","0.098863","0.099358","0.100227","0.10103","0.101522","0.101966","0.102029","0.10136","0.100289","0.099183","0.097792","0.09607","0.09426","0.092296","0.090673","0.08999700000000001","0.08931900000000001","0.082972","0.08346100000000001","0.087213","0.088021","0.08868","0.090731","0.091772","0.0926","0.093237","0.093839","0.094099","0.094601","0.094996","0.09494","0.095459","0.096105","0.119749","0.120794","0.121314","0.121672","0.122189","0.122579","0.122414","0.122243","0.123619","0.126563","0.109234","0.10768","0.052458000000000005","0.05569","0.05666","0.057709","0.059376","0.06013300000000001","0.060341","0.060609"
"100","0.087126","0.085699","0.08556699999999999","0.085659","0.085064","0.085117","0.085694","0.08609","0.086511","0.08634299999999999","0.08692899999999999","0.088116","0.08928","0.090404","0.090911","0.091694","0.091808","0.0913","0.090986","0.090026","0.088851","0.087599","0.086066","0.084695","0.083565","0.08228400000000001","0.0811","0.07547000000000001","0.075932","0.080226","0.080902","0.081563","0.083838","0.08430599999999999","0.08482100000000001","0.085426","0.086288","0.087278","0.088409","0.089321","0.089475","0.089679","0.08989","0.1195","0.119963","0.119996","0.120051","0.119996","0.120327","0.120641","0.120746","0.123122","0.125591","0.114253","0.112587","0.035318","0.043731","0.044117","0.044043","0.044742","0.045009","0.044665","0.044165"
"101","0.074564","0.074309","0.074098","0.074295","0.075007","0.075436","0.075679","0.076001","0.076342","0.077019","0.077657","0.078976","0.080219","0.080717","0.081624","0.083256","0.08357","0.082621","0.082471","0.082217","0.082136","0.082081","0.081662","0.081595","0.081298","0.080932","0.08132","0.08482999999999999","0.085506","0.090374","0.091476","0.092287","0.095679","0.096828","0.097931","0.099142","0.100348","0.101667","0.102394","0.103199","0.104523","0.105513","0.106387","0.15521400000000002","0.156967","0.158641","0.160163","0.161686","0.162893","0.164359","0.165963","0.174824","0.179418","0.107132","0.105755","0.036662","0.038084","0.038419","0.03884","0.039432","0.039715","0.039986","0.040068"
"102","0.062353","0.06239400000000001","0.061815","0.060916","0.060531","0.061003","0.061264","0.061391","0.061415","0.06141","0.061492999999999985","0.061268","0.06159600000000001","0.062939","0.063328","0.062548","0.063263","0.063804","0.062563","0.061658","0.061238","0.060779","0.06033","0.059497","0.05908500000000001","0.059015","0.058125","0.055134","0.055179999999999986","0.055958","0.056373","0.05683600000000001","0.057034","0.056881","0.057401","0.058377","0.058809","0.058716","0.058836","0.059165","0.059703","0.059915","0.06017","0.07695","0.077154","0.07725599999999999","0.077564","0.077817","0.078224","0.078583","0.078827","0.081331","0.082325","0.084961","0.084092","0.034224","0.037665","0.037819","0.038005","0.038134","0.038151","0.037989","0.03801"
"103","0.067203","0.06613200000000001","0.065972","0.06565","0.06519900000000001","0.06475700000000001","0.06485","0.06543","0.065832","0.06629299999999999","0.06727899999999999","0.067954","0.067937","0.067857","0.06798799999999999","0.068674","0.068255","0.066557","0.06587799999999999","0.065819","0.064986","0.063789","0.0625","0.061629","0.060755","0.05962000000000001","0.059453999999999986","0.057789","0.058051","0.058826","0.059175","0.059618","0.060746","0.061463","0.061751","0.06222100000000001","0.062997","0.063981","0.06453300000000001","0.064666","0.064661","0.064677","0.065127","0.08002000000000001","0.080242","0.079787","0.079273","0.079229","0.079351","0.07912899999999999","0.079122","0.08064400000000001","0.081298","0.070947","0.070211","0.033286","0.037327","0.037932","0.038309","0.038848","0.039459","0.039766","0.039756"
"104","0.073766","0.073394","0.07282999999999999","0.073135","0.073492","0.072882","0.072335","0.072672","0.072995","0.072806","0.073306","0.075038","0.076197","0.076137","0.076428","0.07646900000000001","0.07660399999999999","0.077001","0.076817","0.076045","0.074527","0.073536","0.072823","0.072154","0.071413","0.069948","0.068982","0.064956","0.065236","0.067842","0.06852000000000001","0.069234","0.070336","0.07106699999999999","0.071601","0.072036","0.072631","0.073165","0.073943","0.07482","0.07523099999999999","0.075166","0.075429","0.097822","0.09842","0.098756","0.098679","0.098789","0.099176","0.099451","0.099759","0.101569","0.103755","0.096712","0.095101","0.031422000000000005","0.038156","0.038367","0.038656","0.038945","0.039232","0.039108","0.03869"
"105","0.0684","0.069131","0.068576","0.06815399999999999","0.06791900000000001","0.068","0.06817000000000001","0.068012","0.06819800000000001","0.068776","0.0694","0.070354","0.070325","0.069965","0.070112","0.070342","0.070744","0.071144","0.070938","0.069838","0.068925","0.067937","0.066553","0.065138","0.064453","0.06439299999999999","0.06425800000000001","0.060919000000000015","0.060963","0.062022","0.062242999999999986","0.06263400000000001","0.063363","0.063752","0.06454299999999999","0.06475700000000001","0.064782","0.06479700000000001","0.064947","0.065482","0.065962","0.065953","0.066059","0.083378","0.084386","0.085133","0.08541","0.085539","0.08591499999999999","0.086266","0.086422","0.088974","0.09162","0.092247","0.091293","0.037362","0.039898","0.040347","0.040562","0.041104","0.041406","0.041244","0.040769"
"106","0.114844","0.114502","0.113975","0.111855","0.1091","0.10711500000000003","0.106931","0.107275","0.107022","0.106248","0.10599","0.106606","0.106856","0.106996","0.106989","0.10696300000000003","0.107182","0.107027","0.106543","0.105673","0.104666","0.103456","0.101637","0.100975","0.100853","0.099274","0.097912","0.093075","0.093911","0.098589","0.099496","0.10059","0.101832","0.102547","0.103705","0.105161","0.107028","0.109069","0.110918","0.111477","0.10985","0.107874","0.107271","0.139773","0.138029","0.134428","0.13108699999999998","0.129621","0.12934600000000002","0.129679","0.130593","0.13528099999999998","0.132997","0.125406","0.124413","0.079658","0.077815","0.078974","0.080083","0.08267100000000001","0.08369299999999999","0.08404500000000001","0.08479500000000001"
"107","0.0504","0.049872","0.050212","0.050453","0.050057","0.049307","0.048411","0.049409","0.05031","0.049742","0.049452","0.050003","0.051484","0.052159","0.051589","0.051926","0.052533","0.052178","0.051491","0.051099","0.050683","0.049953","0.049342","0.048788","0.048459","0.04815","0.047503","0.046255","0.046257","0.048396","0.049028","0.049657","0.049376","0.04985","0.050578","0.051211","0.051584000000000005","0.051859","0.052502","0.052987","0.052648","0.052593","0.052888","0.068536","0.06876","0.068639","0.06876499999999999","0.069078","0.069105","0.06915","0.069315","0.071399","0.072599","0.06901","0.0682","0.030065","0.029318","0.029559","0.029288","0.030005","0.030091000000000007","0.02975","0.030047000000000008"
"108","0.052434","0.050785","0.050828","0.0508","0.051055","0.051205","0.050704","0.050623","0.050466","0.050161","0.050342000000000005","0.050795","0.050474","0.050256","0.051195","0.052234","0.052861","0.053055999999999985","0.052713","0.051993","0.051014","0.050059","0.049483","0.048742","0.048169","0.048187","0.047934","0.045818","0.045645","0.047371","0.047310000000000005","0.048060000000000005","0.048141","0.048961000000000005","0.049297","0.049253","0.049647","0.0506","0.051523","0.051823","0.051717999999999986","0.051173","0.050692","0.063973","0.063637","0.062537","0.061763","0.061401","0.061054","0.061192","0.061625","0.063385","0.06347799999999999","0.058396","0.058314","0.026696","0.034504","0.034261","0.034198","0.034296","0.034199","0.03393","0.033631"
"109","0.107395","0.106349","0.105319","0.104299","0.102613","0.101298","0.101242","0.10174","0.101922","0.10166","0.102199","0.102919","0.103217","0.10375","0.103925","0.103895","0.104512","0.104204","0.103011","0.102524","0.10183","0.10041","0.098762","0.097337","0.095998","0.09508","0.093916","0.08669400000000001","0.087187","0.092862","0.094056","0.09535","0.097626","0.099192","0.100538","0.10193","0.103808","0.106537","0.108823","0.109164","0.10807","0.106605","0.105792","0.137925","0.136597","0.133426","0.13067","0.129026","0.12823800000000002","0.12829200000000002","0.12878599999999998","0.132096","0.129687","0.114527","0.113123","0.058131","0.060697","0.061558","0.062481","0.064553","0.064889","0.065036","0.065692"
"110","0.09264","0.092377","0.09216","0.091592","0.091478","0.092172","0.092553","0.091867","0.092348","0.094477","0.096002","0.096697","0.097414","0.097872","0.098768","0.099485","0.099891","0.100039","0.099916","0.099438","0.099113","0.099092","0.098448","0.098463","0.098855","0.098936","0.099238","0.10381300000000003","0.10455","0.110682","0.112122","0.113835","0.11663","0.118148","0.11988","0.121997","0.123924","0.125542","0.127665","0.129222","0.129387","0.129908","0.130965","0.195411","0.196601","0.196642","0.196697","0.197719","0.199291","0.200401","0.201614","0.212161","0.215695","0.135811","0.13461099999999998","0.048696","0.051499","0.051897000000000006","0.052384","0.053596000000000005","0.053723","0.053579","0.0538"
"111","0.032958999999999995","0.03275","0.032","0.031695999999999995","0.031441000000000004","0.031497000000000004","0.031582","0.031843","0.032","0.031866000000000005","0.032353","0.032549","0.032691000000000005","0.032527","0.032792","0.033136","0.033412","0.033609","0.033571","0.033645","0.03344","0.033602","0.033956","0.033643","0.033628","0.034155","0.034223","0.033907","0.034109","0.035683","0.036358","0.036863","0.037592","0.03799","0.038547000000000005","0.038677","0.038981","0.039753","0.040126","0.040247000000000005","0.040898","0.041807","0.04194","0.059412","0.059899","0.060318","0.060776","0.061202","0.061634","0.062115","0.062747","0.066097","0.067285","0.042257","0.041921","0.015655000000000002","0.017386000000000002","0.017394999999999997","0.017387","0.01772","0.017877","0.017856","0.017953"
"112","0.035877","0.035668","0.036169","0.036262","0.035409","0.034886","0.034508","0.03517","0.03601","0.03515","0.035151","0.035745","0.035418","0.036061","0.037373","0.037868","0.037466","0.037028","0.036788","0.036202","0.035953","0.035508","0.034354","0.033494","0.033265","0.03337","0.033459","0.031222000000000007","0.031338","0.031763","0.032068","0.032487","0.032706","0.033408","0.033805","0.033819","0.034113","0.034699","0.035348000000000004","0.035729000000000004","0.035521","0.035164999999999995","0.035242","0.045247","0.045169","0.044733","0.044106","0.04384","0.044112","0.044307","0.044427","0.045689","0.045807","0.045129","0.044804","0.016941","0.016718","0.016913","0.017171000000000002","0.01789","0.018117","0.018029","0.018306"
"113","0.122697","0.121968","0.120617","0.119856","0.119468","0.119022","0.118404","0.117662","0.118214","0.119541","0.120412","0.120627","0.121518","0.12281","0.123276","0.123552","0.123379","0.122777","0.122597","0.122145","0.12063","0.118985","0.117999","0.116916","0.115335","0.113873","0.112274","0.104475","0.104398","0.108466","0.109157","0.110376","0.111501","0.112545","0.113746","0.114783","0.11622","0.118282","0.120853","0.122055","0.121236","0.120405","0.12016","0.16692","0.16651","0.164001","0.16181099999999998","0.160994","0.161074","0.161744","0.16287100000000002","0.169489","0.17010999999999998","0.171448","0.169374","0.052660000000000005","0.058049","0.05888400000000001","0.059555","0.060995000000000014","0.061753","0.06149","0.061754"
"114","0.07585900000000001","0.07562100000000001","0.075098","0.07396799999999999","0.073212","0.072745","0.072504","0.072657","0.073127","0.073261","0.073657","0.074388","0.074722","0.075477","0.075942","0.07621599999999999","0.076251","0.07550599999999999","0.07528","0.075075","0.074137","0.073348","0.07315","0.072611","0.07172","0.071127","0.070498","0.068427","0.068705","0.071886","0.072653","0.07341","0.07409","0.07514900000000001","0.075945","0.076474","0.077592","0.07910299999999999","0.080485","0.080951","0.080202","0.079188","0.07874199999999999","0.107879","0.107735","0.106227","0.105013","0.104584","0.10458599999999997","0.105117","0.105764","0.110031","0.110427","0.109684","0.108979","0.038262","0.042893","0.043162","0.04333","0.043778","0.043967","0.043819","0.043616"
"115","0.081732","0.082609","0.082476","0.082398","0.082061","0.08121","0.082058","0.082439","0.08214099999999999","0.08279299999999999","0.083359","0.084038","0.08462599999999999","0.085262","0.085387","0.085088","0.085565","0.085744","0.085025","0.084454","0.08427899999999999","0.08331799999999999","0.081401","0.080262","0.079897","0.079391","0.07888400000000001","0.073738","0.07408","0.076782","0.077377","0.077372","0.078438","0.07924099999999999","0.079961","0.080345","0.080725","0.08101900000000001","0.08138","0.081552","0.081729","0.081993","0.08214400000000001","0.107524","0.108313","0.108734","0.108893","0.108972","0.109295","0.109621","0.109993","0.113487","0.115988","0.114485","0.113373","0.045496","0.050311","0.050563","0.050616","0.0516","0.05198","0.051678","0.051277"
"116","0.067949","0.067303","0.06617","0.066332","0.06725","0.067346","0.067035","0.066996","0.067352","0.067938","0.068594","0.06938","0.06941","0.06927","0.069758","0.06994700000000001","0.070174","0.069768","0.068698","0.068402","0.06804500000000001","0.06764500000000001","0.06731000000000001","0.066124","0.06536499999999999","0.06476900000000001","0.063672","0.061412","0.060904","0.061525","0.061978","0.06270099999999999","0.063481","0.06379299999999999","0.064527","0.064993","0.064837","0.06475299999999999","0.065044","0.065751","0.066246","0.065952","0.066078","0.08507","0.086021","0.08694500000000001","0.087825","0.088265","0.088478","0.088896","0.089304","0.09182","0.094495","0.095757","0.09469","0.038057","0.036448","0.036821","0.037061","0.037873","0.038111","0.038527","0.038775"
"117","0.071912","0.07028200000000001","0.069504","0.069369","0.069862","0.070714","0.070762","0.070311","0.07077","0.071798","0.072464","0.073156","0.073975","0.074739","0.07550499999999999","0.07562","0.075286","0.07487200000000001","0.07437","0.074289","0.073665","0.07234199999999999","0.07086","0.06943300000000001","0.068147","0.066816","0.066251","0.060309","0.0607","0.062859","0.063775","0.064849","0.06586900000000001","0.066484","0.06758099999999999","0.068286","0.068471","0.068747","0.069338","0.06984299999999999","0.070414","0.070963","0.070966","0.08758200000000001","0.088369","0.088737","0.08889","0.089137","0.089438","0.08932799999999999","0.08898099999999999","0.08895399999999999","0.091153","0.079294","0.077435","0.023734","0.031721","0.031656000000000004","0.031806","0.03211","0.032257999999999995","0.03216","0.031981"
"118","0.07138","0.071423","0.07123099999999999","0.070643","0.07022300000000001","0.070186","0.070011","0.070359","0.071129","0.071108","0.071517","0.072352","0.072389","0.073043","0.073679","0.07394400000000001","0.074449","0.07435900000000001","0.073973","0.07384199999999999","0.072995","0.071961","0.0709","0.068772","0.067643","0.067036","0.065572","0.060153","0.06053","0.062479","0.063067","0.063811","0.064996","0.065474","0.06589099999999999","0.06650299999999999","0.067138","0.067476","0.067986","0.06855499999999999","0.068659","0.069018","0.06991599999999999","0.084811","0.085721","0.086142","0.086372","0.08659","0.086891","0.087118","0.08705399999999999","0.087447","0.090203","0.080111","0.078534","0.027994","0.036903","0.036894","0.037001","0.037477","0.03749","0.03756","0.037011"
"119","0.092632","0.091794","0.090206","0.08938099999999999","0.089313","0.088125","0.087822","0.08742","0.087284","0.088186","0.08884","0.089585","0.08995299999999999","0.089849","0.090476","0.091049","0.091285","0.091524","0.090823","0.089612","0.088349","0.087291","0.086232","0.08521000000000001","0.084245","0.083142","0.081768","0.076378","0.076599","0.079965","0.08140399999999999","0.08280499999999999","0.08430800000000001","0.085015","0.086011","0.087015","0.088495","0.090384","0.091708","0.092322","0.091802","0.090977","0.091094","0.11869","0.117348","0.114752","0.11276300000000003","0.111858","0.11164","0.111866","0.112176","0.11357","0.113203","0.098734","0.097848","0.044578","0.053732","0.054371","0.054606","0.05546","0.055753","0.055516","0.055286"
"120","0.05780900000000001","0.05844600000000001","0.05881","0.058022","0.057346","0.057026","0.057131","0.056941999999999986","0.056408000000000014","0.056025","0.056336","0.057054","0.057685","0.05816900000000001","0.058516999999999986","0.058975","0.05961900000000001","0.059455","0.058854","0.05841100000000001","0.057546000000000014","0.056576","0.056446","0.056861","0.056683","0.056174","0.055766","0.054537","0.054484000000000005","0.057161","0.057316999999999986","0.057825","0.058428","0.058724","0.059670000000000015","0.060439","0.061238","0.061867999999999986","0.062463","0.062962","0.062624","0.06213","0.062175","0.083255","0.08317100000000001","0.082466","0.08179299999999999","0.081412","0.081606","0.082232","0.082594","0.08520499999999999","0.08579099999999999","0.08190599999999999","0.081416","0.029447000000000008","0.032625","0.032864","0.032976","0.033496","0.033692","0.033791","0.033949"
